EP ID,Home LC,Home MC,Home Region,Host LC,Host MC,Host Region,Date Break RE
b6a4262d8a75c359c95eed8d570da57e,WASHINGTON DC,United States,Americas,USMA,Panama,Americas,2020-04-05 02:06
7c69e9e7a3ef8da21e1e069dbc97e61c,PASTO,Colombia,Americas,La Laguna,Mexico,Americas,2020-06-05 01:17
b81a3dd2f5caee099277f8c3f55b90ed,Universidad San Marcos,Peru,Americas,VITÓRIA,Brazil,Americas,2020-05-24 03:10
65b1d432df73d4c739b9833fbd52839f,Universidad San Marcos,Peru,Americas,BAURU,Brazil,Americas,2020-04-01 02:19
bbcab56ec01b10174dc44eb281290e9b,RECIFE,Brazil,Americas,UP,Mexico,Americas,2020-06-25 06:48
5ae9bc1d0134bc40106c95b62887b875,TEC,Costa Rica,Americas,UP,Mexico,Americas,2020-06-12 15:51
143167a078d615560c637229e57ce6c0,BELO HORIZONTE,Brazil,Americas,DEBRECEN,Hungary,Europe,2020-02-11 19:40
50386b835dad75dd8bf4c96a87306fd7,FORTALEZA,Brazil,Americas,GRONINGEN,The Netherlands,Europe,2020-04-28 01:39
6dd35d78e7d77f704f7080af6d99d92b,UPB,Colombia,Americas,MC CHILE,Chile,Americas,2020-08-25 12:47
39c78cbe1dddca49a1e252c29143d5de,Mumbai,India,Asia Pacific,MIAMI FLORIDA,United States,Americas,2020-04-11 04:34
f947eed7702c662585b539c49bd536ed,FRANKFURT (MAIN),Germany,Europe,MANAUS,Brazil,Americas,2020-04-10 22:45
5adbb64df231fabcf8c086ba342744f1,VIÇOSA,Brazil,Americas,Nordeste,Argentina,Americas,2020-03-04 05:17
58575854664a8aff31f72dcb9651e6c0,REGENSBURG,Germany,Europe,FTU Hanoi,VIETNAM,Asia Pacific,2020-03-20 18:11
905e8ef13388767c527f33c0bf7b787f,BRASÍLIA,Brazil,Americas,ANDES,Colombia,Americas,2020-03-15 05:17
27c5e937cc6e90afc33cdebbef718bca,BRASÍLIA,Brazil,Americas,ANDES,Colombia,Americas,2020-03-15 05:17
66007075f062a0b02d29c6ca27f01c4a,ARACAJU,Brazil,Americas,Lima,Peru,Americas,2020-02-06 04:31
00ec4cd1ead63aa1658a4749f3691d25,ARACAJU,Brazil,Americas,GUC,Egypt,Middle East and Africa,2020-02-09 13:16
d504b2aefa8aba91252a24c0c332f9e0,Occidente,Costa Rica,Americas,SANTOS,Brazil,Americas,2020-01-24 21:53
3e913dd173b4f2ac321cea9295b50d34,LIMEIRA,Brazil,Americas,Córdoba,Argentina,Americas,2020-02-22 00:54
c81c446c74481dc403894109f375545e,USP,Brazil,Americas,Piura,Peru,Americas,2020-01-28 04:19
988312de50064894b7ad11e58d286a5c,CARTAGENA,Colombia,Americas,ABC,Brazil,Americas,2020-05-11 07:32
fe467028d717ab5af595b43db24a2405,JOINVILLE,Brazil,Americas,MONTERIA,Colombia,Americas,2020-04-05 16:23
342e3cd1401b70dca893c83cba28fff8,Chennai,India,Asia Pacific,SAN JOSE,United States,Americas,2020-04-11 04:34
25770201ec4e2620bafc9cf6be870bfe,Rosario (Argentina),Argentina,Americas,GOIANIA,Brazil,Americas,2020-02-05 02:32
bb6cd037685ef147ad534223905a63df,UCC (University of Cape Coast),Ghana,Middle East and Africa,Taiwan NTHU,Taiwan,Asia Pacific,2020-09-13 18:01
3f45622425449a7bd27164e3299f5ec3,HADRUMET,Tunisia,Middle East and Africa,Odense,Denmark,Europe,2020-02-17 04:01
4750013c5816803ecc825e7aaa9f5318,COIMBRA NEFE,Portugal,Europe,CALGARY,Canada,Americas,2020-04-12 21:01
7a05f883062a4930f29c534bb15490d1,University of Southern California (USC),United States,Americas,MUENCHEN,Germany,Europe,2020-04-29 04:26
767f82df82c5da0da6fc5b5b7ce78987,Tec Toluca,Mexico,Americas,Mansoura,Egypt,Middle East and Africa,2020-01-22 19:41
5f0b9bbb91ef77aa5a85e09dd7fc8fe2,Tampico,Mexico,Americas,"SPUEF, Saint-Petersburg",Russia,Europe,2020-05-16 19:23
bedc18fa9839145730c295b3907243c6,Tacapes,Tunisia,Middle East and Africa,LISBOA NOVA,Portugal,Europe,2020-03-11 15:51
4635d1e288bb8cf9f828cb430b96d9f5,VINNYTSIA,Ukraine,Europe,LISBOA NOVA,Portugal,Europe,2020-03-27 21:19
ab8366de742b47e7c30b06f40ac6a619,SAO CARLOS,Brazil,Americas,Trujillo,Peru,Americas,2020-02-28 02:59
82b96ed02ecf6ffe14522b006ba2b4c7,MEDINA,Tunisia,Middle East and Africa,BREMEN,Germany,Europe,2020-04-17 23:27
14f3eea3b3637502b9a7dae61ba73511,RUSPINA,Tunisia,Middle East and Africa,BRASÍLIA,Brazil,Americas,2020-02-25 08:25
ad685c356e0dc5973a76219338f35c96,JOINVILLE,Brazil,Americas,MONTERIA,Colombia,Americas,2020-04-05 16:22
8555c8989257a2c3d614fb625ebb4fa0,CURITIBA,Brazil,Americas,ISTANBUL,Turkey,Europe,2020-04-28 01:42
d1cd7055b7dde75c252da6ae89084e92,PELOTAS,Brazil,Americas,La Salle,Mexico,Americas,2020-02-19 07:21
e5370e969eeacf23a951eadeadda3d3b,VITÓRIA,Brazil,Americas,ISTANBUL WEST,Turkey,Europe,2020-02-21 23:25
9f9a85808ac91ac355f941dd6e93e021,Thammasat University,Thailand,Asia Pacific,Taiwan NCHU,Taiwan,Asia Pacific,2020-04-16 18:33
7790457f26372c83579e376805856095,Thammasat University,Thailand,Asia Pacific,Wroclaw UT,Poland,Europe,2020-04-17 16:02
0bda797be2c114afafd0d724fbae2295,Manabi,Ecuador,Americas,BUCARAMANGA,Colombia,Americas,2020-04-01 04:36
33864707287c55da61e2a53b42e17c1f,VITÓRIA,Brazil,Americas,ISTANBUL WEST,Turkey,Europe,2020-04-02 04:38
2c4a2e49cf4247acff475ebba4154bde,ANKARA,Turkey,Europe,Budapest Business School - KVIK,Hungary,Europe,2020-04-08 02:06
fb69e58d061bae58a530fdd916a096ba,Lima,Peru,Americas,FORTALEZA,Brazil,Americas,2020-02-26 08:09
1890024eb12834cc81b90ff071c7ddf2,Rosario (Argentina),Argentina,Americas,Icesi (Cali),Colombia,Americas,2020-03-31 03:53
cd15d52043f86d5c0a4cc94165d9f4c7,RECIFE,Brazil,Americas,ISTANBUL ASIA,Turkey,Europe,2020-03-23 18:32
4ccca602b9793c664680ebf531370f7d,Casablanca,Morocco,Middle East and Africa,Jalandhar,India,Asia Pacific,2020-05-27 22:48
dff009809087c181c52c1f0df8ecc9c2,GRONINGEN,The Netherlands,Europe,NEW YORK CITY,United States,Americas,2020-04-11 04:36
8958af2dbf6680ddd9dd3a43f73e7c71,RIO DE JANEIRO,Brazil,Americas,Mumbai,India,Asia Pacific,2020-05-30 01:12
38086e305dc3546723c052480ac52df9,BELO HORIZONTE,Brazil,Americas,VILNIUS,Lithuania,Europe,2020-04-06 16:18
600bbec468cab12562ab199fb6e1a970,UNAM,Mexico,Americas,AIESEC en Balboa,Panama,Americas,2020-04-12 06:09
0c88f5623f9d60c1dee298f8cf2b40d6,PELOTAS,Brazil,Americas,Nordeste,Argentina,Americas,2020-01-26 04:42
2d740ddca564721a39cecdcb052ddd84,CURITIBA,Brazil,Americas,UMINHO,Portugal,Europe,2020-03-11 15:57
b1558718d9336ef16748662cfc0541d9,CURITIBA,Brazil,Americas,EDMONTON,Canada,Americas,2020-04-07 08:29
953ac2019bbff024a481d61f88758877,Salta,Argentina,Americas,UCR,Costa Rica,Americas,2020-05-10 02:56
4a705bc3418b7278201077fef381329c,NUERNBERG,Germany,Europe,VITÓRIA,Brazil,Americas,2020-04-13 19:23
06ee2cc5585b5f66fff1b9f4b4f78ada,CURITIBA,Brazil,Americas,KRAKOW,Poland,Europe,2020-02-02 19:48
88389eab523cbf695118eb26f072be14,MARINGÁ,Brazil,Americas,PITESTI,Romania,Europe,2020-03-09 05:54
7926cdd195310c81cf0b795439aa4025,Santiago del Estero,Argentina,Americas,JOAO PESSOA,Brazil,Americas,2020-04-02 15:11
e4186161b07c6572ebe1a476313055d6,PELOTAS,Brazil,Americas,ANKARA,Turkey,Europe,2020-01-31 06:32
c40ef39bac0390ba8004de2e5bd087f5,PELOTAS,Brazil,Americas,ANKARA,Turkey,Europe,2020-01-31 06:40
1c2799646c17d4b3f63105b5a5d5ce51,UNAM,Mexico,Americas,ESKISEHIR,Turkey,Europe,2020-05-18 03:58
c107dd534b8e06421e51f626f98e1f1e,DARMSTADT,Germany,Europe,Budapest Business School - KVIK,Hungary,Europe,2020-04-06 18:40
1ca1f109fac3534e9c527ba22f401e98,UTRECHT,The Netherlands,Europe,UCR,Costa Rica,Americas,2020-03-27 01:28
b35f2de11b386ce5775aff87c40368f2,Thammasat University,Thailand,Asia Pacific,"Mainland of China, Member Committee",Mainland of China,Asia Pacific,2020-03-24 14:44
496df36e645bf7c12e982ad0d3992e8f,Carthage,Tunisia,Middle East and Africa,Mansoura,Egypt,Middle East and Africa,2020-04-08 12:57
514b4fe631236a9cff9203ea09a2fcf0,GAZIANTEP,Turkey,Europe,Mansoura,Egypt,Middle East and Africa,2020-01-22 19:38
0275f19e77ab4a40a6b789f185c85eeb,-,Bangladesh,Asia Pacific,Chennai,India,Asia Pacific,2020-05-27 20:22
24e39b56e895e8631ba1f656efe10ca5,VIÇOSA,Brazil,Americas,Lisboa ISCTE,Portugal,Europe,2020-02-02 19:59
b4d14b17fb362d8318a20ac47a92496e,VIÇOSA,Brazil,Americas,Lisboa ISCTE,Portugal,Europe,2020-02-02 19:57
53a0559db21b72f3219ee0df80e32deb,Benak,Algeria,Middle East and Africa,Mansoura,Egypt,Middle East and Africa,2020-03-21 00:46
056c898a6f8565a3b0dd9792bcc07b19,MC TUNISIA (Virtual Expansion),Tunisia,Middle East and Africa,Mansoura,Egypt,Middle East and Africa,2020-03-26 14:50
935c2700cacea6788550227dec8a6dbb,LISBOA ISEG,Portugal,Europe,NKUA,Greece,Europe,2020-03-28 16:55
4f5d1f90d88db663926bddbac2735dc0,JENA,Germany,Europe,Jaipur,India,Asia Pacific,2020-05-08 02:59
9e254da65901c697a8eee5e03c36546c,VIÇOSA,Brazil,Americas,UMINHO,Portugal,Europe,2020-03-11 15:53
a62356c90ff05b753bf882cfd0d2c962,MAASTRICHT,The Netherlands,Europe,MC uganda,Uganda,Middle East and Africa,2020-04-03 14:48
91890bb7af54bb5c053b7f69d9f77201,VIENNA WU,Austria,Europe,WASHINGTON DC,United States,Americas,2020-04-18 23:02
30feda6fcdea7df9fb8abfe7e1f1b5d7,Manabi,Ecuador,Americas,Sonora,Mexico,Americas,2020-05-27 02:53
256351b1f268dd241dfffa9b93b21004,BELO HORIZONTE,Brazil,Americas,LISBOA NOVA,Portugal,Europe,2020-04-03 01:40
c988ebc0e1aa19b8056d740829c2a9d5,Piraeus UNIPI (Athens),Greece,Europe,Cairo University,Egypt,Middle East and Africa,2020-03-29 21:51
7f42d093bb6ee85f9424892ee7e293f1,Rabat,Morocco,Middle East and Africa,GAZIANTEP,Turkey,Europe,2020-03-05 17:29
cf42faf3a7c034da97f5fd0319eb9f72,SOROCABA,Brazil,Americas,Nordeste,Argentina,Americas,2020-03-04 05:18
656b34d33058c89d5c717319a67ff74e,Mendoza,Argentina,Americas,ABC,Brazil,Americas,2020-02-23 09:10
71e08e3025f80d015151ec3735f77b47,URP,Peru,Americas,TERESINA,Brazil,Americas,2020-03-20 03:59
ae09480272d865d59bfe0f395cb3e012,Guadalajara,Mexico,Americas,Occidente,Costa Rica,Americas,2020-01-26 23:15
7c1ab3994561bc0cac447a988713f590,BELO HORIZONTE,Brazil,Americas,MUENCHEN,Germany,Europe,2020-04-07 08:28
d2ecabd093d766e48b976a89206d483c,Lima,Peru,Americas,ITAM,Mexico,Americas,2020-02-23 09:16
544b0f0f316c63b613da52e70d305be1,REGENSBURG,Germany,Europe,Fez,Morocco,Middle East and Africa,2020-03-29 20:02
1ac145f029d85dc461f03d7682371952,MUENSTER,Germany,Europe,NAPOLI FEDERICO II,Italy,Europe,2020-04-06 18:50
44b8464d39c167851eba7700a813ddc0,Entre Ríos,Argentina,Americas,BLUMENAU,Brazil,Americas,2020-07-08 04:25
a45c401cf6e6a2beb392286b82fbc0a9,UNAM,Mexico,Americas,MC Costa Rica,Costa Rica,Americas,2020-03-26 05:56
278669cc56e252a3d129942ce067eead,Cusco,Peru,Americas,Ciudad Juárez,Mexico,Americas,2020-05-01 02:32
c11af20424af303360c2262612f79964,Cusco,Peru,Americas,Ciudad Juárez,Mexico,Americas,2020-05-01 02:32
1a8f159f780175c673393063dd4b6eab,MUENSTER,Germany,Europe,SAUT,Tanzania,Middle East and Africa,2020-04-07 19:47
1ec2b4e7ca94b8f416764d75c7b60623,MUENSTER,Germany,Europe,SAUT,Tanzania,Middle East and Africa,2020-04-07 19:47
d7f3de6d00f234255255985c182b21c5,BELO HORIZONTE,Brazil,Americas,SAN JOSE,United States,Americas,2020-03-31 02:31
71820cb0cffccdce26196b8088cd8548,Cusco,Peru,Americas,Ciudad Juárez,Mexico,Americas,2020-05-01 02:49
ebb68af6f1b2004ca50f81351e80d447, Huanuco,Peru,Americas,UNAM,Mexico,Americas,2020-05-07 05:31
702273b5b4038c445f08f955bf5d682d,REGENSBURG,Germany,Europe,Santa Marta,Colombia,Americas,2020-04-12 21:11
a273f9f72e1470eaa9de9e1d851fd811,ANDES,Colombia,Americas,ISTANBUL WEST,Turkey,Europe,2020-02-10 15:54
da051630f8f20e4b3d1e758a55bf1f57,ESPE,Ecuador,Americas,PELOTAS,Brazil,Americas,2020-04-02 15:21
92ff00afcebf8a9b091d100e87d32779,SANTA MARIA,Brazil,Americas,Icesi (Cali),Colombia,Americas,2020-02-06 19:02
ca0f26c5528348c93c9fc48e679e4cfc,Neuquén,Argentina,Americas,VALE DO SAO FRANCISCO,Brazil,Americas,2020-05-31 15:11
0314cb954363aaeb27dbfee3947317c3,KOELN,Germany,Europe,Mumbai,India,Asia Pacific,2020-03-21 07:37
7ba81db6fa86e4d90e00bb85157170f3,Icesi (Cali),Colombia,Americas,LSE,United Kingdom,Europe,2020-07-04 07:10
3a52c5a92d16664a6cd71578d076f2df,Tacapes,Tunisia,Middle East and Africa,Hyderabad,India,Asia Pacific,2020-02-29 13:44
f749bf3cb841eaedbe95dab129c3aaf9,Lyon,France,Europe,FLORIANÓPOLIS,Brazil,Americas,2020-04-04 04:35
3047c560bee6636cc61efc9444fa7e29,Lima,Peru,Americas,CURITIBA,Brazil,Americas,2020-05-07 00:50
f360a890da74a5bd476e9562b85b5b06,REGENSBURG,Germany,Europe,VITÓRIA,Brazil,Americas,2020-03-22 15:03
47fa21a9b1b2929bdfeb49702ccf8849, Huanuco,Peru,Americas,UNAM,Mexico,Americas,2020-05-08 04:49
c81fee872b4b063287bd57bb4b21e251,San Juan Argentina,Argentina,Americas,FLORIANÓPOLIS,Brazil,Americas,2020-04-04 02:48
4564ff09b94c4817147f6b1480d7b418,Entre Ríos,Argentina,Americas,Santa Marta,Colombia,Americas,2020-02-07 05:56
fc108342c7c280b467c1f9a36c5bccf0,Misiones,Argentina,Americas,FLORIANÓPOLIS,Brazil,Americas,2020-04-04 02:47
8f05bd5ecd9e48a3dcc4850c333f9279,Icesi (Cali),Colombia,Americas,SALVADOR,Brazil,Americas,2020-04-04 03:16
8b71e29fec8f74c893a387c3acf06f5e,Cairo University,Egypt,Middle East and Africa,MAINZ - WIESBADEN,Germany,Europe,2020-06-29 22:47
28b13328d66f5586cb95aece2277fcad,JOAO PESSOA,Brazil,Americas,Delhi University,India,Asia Pacific,2020-05-27 20:11
1aecb5821939443c492332a1bb838bc7,Surabaya,Indonesia,Asia Pacific,BURSA,Turkey,Europe,2020-09-24 02:33
eefae9aae218b8e73ba27ec411107c00,CURITIBA,Brazil,Americas,Hyderabad,India,Asia Pacific,2020-02-29 13:45
ab9132849329cbbd3930e726ce32ede5,Salta,Argentina,Americas,JOAO PESSOA,Brazil,Americas,2020-04-02 15:17
065e7bad0b79d5630b44b5bdedebf78d, Huanuco,Peru,Americas,MARINGÁ,Brazil,Americas,2020-02-13 04:04
26d406b9cb009d39d17daa8083b9a744,Salta,Argentina,Americas,JOINVILLE,Brazil,Americas,2020-03-13 03:09
f7214c7c79a4ed612cf676f1b1ccc177,Ica,Peru,Americas,Neiva,Colombia,Americas,2020-04-07 04:04
5deeb6b27e94621655e1ac737bb3446d,SANTA MARIA,Brazil,Americas,SAKARYA,Turkey,Europe,2020-02-24 17:05
55b1e8101cafbb38c69593473ba7e886,UCR,Costa Rica,Americas,COIMBRA NEFE,Portugal,Europe,2020-03-15 04:30
a72e6986b6c517d0817a8cbece2ec0b4,PADOVA,Italy,Europe,FLORIANÓPOLIS,Brazil,Americas,2020-04-01 23:14
a360d095b81265ff74b0ca4b2f3b71a7,PADOVA,Italy,Europe,FLORIANÓPOLIS,Brazil,Americas,2020-04-01 23:16
0cc991688fd16b1e1122d9c9d48f4ff5,BOLOGNA,Italy,Europe,BURSA,Turkey,Europe,2020-04-19 06:12
bb356b527996f05a983d01c1010df6a3,Tangier,Morocco,Middle East and Africa,UP,Mexico,Americas,2020-07-08 04:19
a3f9e43cf098c37f850d760b5783be3b,Lima,Peru,Americas,SALVADOR,Brazil,Americas,2020-05-08 04:59
5e9ea6eb0472393209eb73cd3cbbf53c,FLORIANÓPOLIS,Brazil,Americas,Cúcuta,Colombia,Americas,2020-04-05 03:03
89a1e0c21ff9be8ac6238fb670e8fc0c,SFU,Canada,Americas,Taiwan CCU,Taiwan,Asia Pacific,2020-08-30 05:35
d53388fdcf34991b4cf93bce78e57add,Manabi,Ecuador,Americas,PASTO,Colombia,Americas,2020-04-01 04:37
d0d604b930e34f6ef70f899047c94a72,HADRUMET,Tunisia,Middle East and Africa,FRANKFURT (MAIN),Germany,Europe,2020-06-02 06:34
ce7ec26db7b4984d8569eb0339b4ce30,MAINZ - WIESBADEN,Germany,Europe,VITÓRIA,Brazil,Americas,2020-04-11 19:01
fcdcaaa0853965865080d897353ddbee,DUESSELDORF,Germany,Europe,VITÓRIA,Brazil,Americas,2020-04-16 23:06
164017b48e5dc983abbf82fea04e693f,CARTAGENA,Colombia,Americas,MARINGÁ,Brazil,Americas,2020-05-11 20:06
cff6f88d3f23182d9f338eee9e7fc2c8,La Plata,Argentina,Americas,SALVADOR,Brazil,Americas,2020-05-05 20:26
c2dfb7c392cd9533089ffd212c41c120,CENTRAL,Colombia,Americas,ADANA,Turkey,Europe,2020-04-16 07:00
20206f4021be7c7f2e93b150298b883b,AUGSBURG,Germany,Europe,VITÓRIA,Brazil,Americas,2020-04-13 19:21
9d7b41ef525be4df2ab5e391f731ee12,BELO HORIZONTE,Brazil,Americas,SFU,Canada,Americas,2020-06-20 10:44
34b058ec10e0f79aaeeb01dd457dfeb3,BRAUNSCHWEIG,Germany,Europe,VITÓRIA,Brazil,Americas,2020-04-11 03:51
93f8efd53873e346ce059190af75fc3c,MAINZ - WIESBADEN,Germany,Europe,VITÓRIA,Brazil,Americas,2020-04-11 18:59
b6d9730778235a4ac9bfb121d8de0ae4,REGENSBURG,Germany,Europe,VITÓRIA,Brazil,Americas,2020-03-22 15:04
d3be2fd9ef0e55deae34a98c8aa31003,Manabi,Ecuador,Americas,Icesi (Cali),Colombia,Americas,2020-04-01 04:32
c967095f41bb67866fdb49e36313b863,VALLEDUPAR,Colombia,Americas,MC Guatemala,Guatemala,Americas,2020-07-18 03:45
168ddd92a4aa3bf5c76bf1d7057b5a16,TBILISI,Georgia,Europe,BARI,Italy,Europe,2020-05-24 06:33
9323eecf6c37d33d34a0ba9ab6cd1b0e,DRESDEN,Germany,Europe,JAVERIANA,Colombia,Americas,2020-04-01 04:12
ab72a33261404618acc38bcdae525f10,Thammasat University,Thailand,Asia Pacific,"Taylor's University (TU) , Subang Jaya",Malaysia,Asia Pacific,2020-04-16 18:43
0a3adc923965fc98b71d74c61f6b2a05,BIELEFELD,Germany,Europe,YTU,Myanmar,Asia Pacific,2020-04-11 18:45
754255275bd66cd76fd7ab08a666ef75,ODESA,Ukraine,Europe,FTU HCMC,VIETNAM,Asia Pacific,2020-03-11 06:29
f88ab8a37d7c1637b7bbe8aa432d46e6,MAINZ - WIESBADEN,Germany,Europe,Arequipa,Peru,Americas,2020-04-05 05:15
390868dbaf022dc26b077fe15d350c79,Mansoura,Egypt,Middle East and Africa,Rabat,Morocco,Middle East and Africa,2020-01-22 19:39
b7c9d8816657284f3ab6b721513da89f,PRAGUE,Czech Republic,Europe,FTU HCMC,VIETNAM,Asia Pacific,2020-03-11 06:37
6dcda8324664f1e31035dd858622db37,EXTERNADO,Colombia,Americas,PORTO ALEGRE,Brazil,Americas,2020-07-20 03:51
09b232f2abb04989d18bc6c9779d60a7,UNITED STATES (MC),United States,Americas,KOCAELI,Turkey,Europe,2020-05-21 23:59
04a13af91994fbcf7fcdc264ea77ba79,LEIPZIG,Germany,Europe,KROPYVNYTSKYI,Ukraine,Europe,2020-03-26 16:16
fb398584c15139b4401f2017b1a6266c,BIELEFELD,Germany,Europe,SANTOS,Brazil,Americas,2020-03-30 04:02
97a94e0385a5827c8f9994d8d68a4694,STUTTGART & HOHENHEIM,Germany,Europe,Delhi University,India,Asia Pacific,2020-03-17 23:20
30747b99c71a4bcb58ae4740f1c945a3,IBAGUÉ,Colombia,Americas,SAO CARLOS,Brazil,Americas,2020-05-12 21:37
e52dd68dbafcf54c91f38e0990b6446b,GOETTINGEN,Germany,Europe,UCR,Costa Rica,Americas,2020-03-25 03:52
2e1e338f2da7a025687c77c0d7ce8793,GOETTINGEN,Germany,Europe,UCR,Costa Rica,Americas,2020-03-25 03:50
159238cf43668d1a9adab1d944ad4da6,CURITIBA,Brazil,Americas,BURSA,Turkey,Europe,2020-04-02 15:26
b358ec391d699668abcc0eb73e036cc9,PORTO FEP,Portugal,Europe,KOCAELI,Turkey,Europe,2020-03-28 16:57
8132faefc56ed0d7385258ba11287f4a,INSPER,Brazil,Americas,Salta,Argentina,Americas,2020-01-28 04:13
3d4aa05721351e88269f03f25dd72a37,MC France,France,Europe,JAYEWARDENEPURA,Sri Lanka,Asia Pacific,2020-04-09 05:26
e3d5df314b70e953a5f8cc5ab171d47d,AUGSBURG,Germany,Europe,UNSRI,Indonesia,Asia Pacific,2020-04-12 20:44
597519090c8bb0771bd20c131e9f5db8,BIELEFELD,Germany,Europe,Cairo University,Egypt,Middle East and Africa,2020-04-11 18:44
170f387d0e3610a67e06e2b4be75a6bf,Puebla,Mexico,Americas,Milano,Italy,Europe,2020-04-11 18:40
c4ffc92b9844b79007b4bb5584c86759,BOCHUM,Germany,Europe,UP,Mexico,Americas,2020-06-24 05:23
8778d55841e75bd7070e94b24d6d710a,REGENSBURG,Germany,Europe,SALVADOR,Brazil,Americas,2020-04-11 03:46
f920ae4a169a46a7f2dfacf1247c8f92,Ain Shams University,Egypt,Middle East and Africa,Jodhpur,India,Asia Pacific,2020-02-02 20:06
8d498005c5bd64759cd1f4d81767194e,GOETTINGEN,Germany,Europe,SALVADOR,Brazil,Americas,2020-03-26 05:54
8f2f88785eb9d5dc3574bb475ab83a09,GOETTINGEN,Germany,Europe,UCR,Costa Rica,Americas,2020-03-25 03:51
7b65db7b8025013cdcaf99366033bf92,Buenos Aires USAL,Argentina,Americas,BLUMENAU,Brazil,Americas,2020-03-31 17:44
63bc848f7676002ac3cca437e16a4324,HANNOVER,Germany,Europe,JAVERIANA,Colombia,Americas,2020-03-31 03:46
62c1a78d403441a6e69dcca6d508b482,KOELN,Germany,Europe,UCR,Costa Rica,Americas,2020-04-04 04:40
c27c9a76d0dbba814e5714d0535b9e18,REGENSBURG,Germany,Europe,Fez,Morocco,Middle East and Africa,2020-03-29 20:03
e90965a790f5f12c1ab1b7aae37c4cb2,GIESSEN-MARBURG,Germany,Europe,VITÓRIA,Brazil,Americas,2020-03-29 03:59
d338aa3a8251f02306cf9e6f6d6d61d6,AUC ,Egypt,Middle East and Africa,VITÓRIA,Brazil,Americas,2020-01-26 04:57
676b139b89b7d20c6d6d7ba1c370d4e0,MAINZ - WIESBADEN,Germany,Europe,SALVADOR,Brazil,Americas,2020-04-11 19:00
304fce763c4f92e8c8d3d839ef2c6474,BELGRADE FON,Serbia,Europe,Hanoi,VIETNAM,Asia Pacific,2020-04-15 03:22
34d692842069f08cd55330bfaf8238fc,REGENSBURG,Germany,Europe,SALVADOR,Brazil,Americas,2020-03-20 12:31
bb04bc300f80830acc8a8a57c36a8391,MAINZ - WIESBADEN,Germany,Europe,UCR,Costa Rica,Americas,2020-04-11 01:58
e60c3e34b8366830e5db7149b0c30c11,BME - Budapest,Hungary,Europe,Hanoi,VIETNAM,Asia Pacific,2020-02-14 16:17
7adb640a7fd515bbd7a7a02dcb48ea3e,UNINORTE,Colombia,Americas,USP,Brazil,Americas,2020-07-02 14:53
2df774fa43ede2b554dd7d2c1c41d895,JENA,Germany,Europe,UCR,Costa Rica,Americas,2020-04-05 19:43
76cb02fdeca1f59337562daeab0c6e52,BIELEFELD,Germany,Europe,Pacifico,Peru,Americas,2020-04-11 18:43
a93a43ed52551cef55ea6d50af346da8,UBERLÂNDIA,Brazil,Americas,Chennai,India,Asia Pacific,2020-03-02 08:05
e7aa8d9cb52a7abc87346841fa3d33ec,MAINZ - WIESBADEN,Germany,Europe,VITÓRIA,Brazil,Americas,2020-04-11 18:58
0e19c4b29265ce5cc0184b5bc5269fc5,Minsk,Belarus,Europe,Delhi University,India,Asia Pacific,2020-05-29 01:53
f546f2d4ef5d63f06ce20a6143a0ac7b,Suez,Egypt,Middle East and Africa,Delhi University,India,Asia Pacific,2020-05-27 20:25
fd84333c6024961004065ecc76f2c817,PUCE,Ecuador,Americas,GRONINGEN,The Netherlands,Europe,2020-03-30 04:18
96ca57fe543512919fd206d2a28dd61c,UA (Asunción),Paraguay,Americas,BLUMENAU,Brazil,Americas,2020-03-13 10:38
b0efbaaf4e356838ea110ac371d9391f,Annaba,Algeria,Middle East and Africa,DENIZLI,Turkey,Europe,2020-04-11 03:50
c9506ae862f792030e90e3e7c08ed895,REGENSBURG,Germany,Europe,VITÓRIA,Brazil,Americas,2020-03-27 00:50
d92a4eb3f6cf243011b2251d88295d2d,REGENSBURG,Germany,Europe,VITÓRIA,Brazil,Americas,2020-03-27 00:54
1d04db756b36b07b33a9d74da200af51,La Salle,Mexico,Americas,TRENTO,Italy,Europe,2020-04-16 20:42
36e53603b72708aee196c63205c9c267,NOVI SAD,Serbia,Europe,OSTRAVA,Czech Republic,Europe,2020-04-24 02:35
3b366e68d6501231fa99bee1e1282873,NIS,Serbia,Europe,FRANKFURT (MAIN),Germany,Europe,2020-04-21 06:15
74bd4b25b9e5899c313b7b6be2945c29,KOELN,Germany,Europe,UCR,Costa Rica,Americas,2020-04-04 04:38
923da6df2ac9dad08a47c4f1e15dbf3d,VALLEDUPAR,Colombia,Americas,MC Guatemala,Guatemala,Americas,2020-07-18 03:39
1823b5cc73f4ce3c8814d3dfef1b48a7,MUENSTER,Germany,Europe,Neiva,Colombia,Americas,2020-04-06 00:14
b7f667eab570689c303f6e79d1d255bd,BOCHUM,Germany,Europe,TORINO,Italy,Europe,2020-03-04 20:20
26498fbbd1e2fa97b707c755c5a90818,Popayán,Colombia,Americas,BLUMENAU,Brazil,Americas,2020-04-01 02:18
3846b26b8a1e442236cc7e4d8ff730ac,MUENSTER,Germany,Europe,ESPM,Brazil,Americas,2020-04-13 19:26
e4c6e8f0d452702062deff254be7231b,Manabi,Ecuador,Americas,PASTO,Colombia,Americas,2020-04-01 04:23
36db65af4cfa0c906754ec6f46771123,Marrakech,Morocco,Middle East and Africa,DENIZLI,Turkey,Europe,2020-03-13 17:09
63c685b6921d79fc31cd99add78df1cc,LEIPZIG,Germany,Europe,JAVERIANA,Colombia,Americas,2020-03-27 00:57
3a314702d25f02af0b3d2514267e0cc5,PADERBORN,Germany,Europe,VITÓRIA,Brazil,Americas,2020-04-01 16:35
5375de34d7909400c47ec9619011ae28,ISCTEM,Mozambique,Middle East and Africa,Suez,Egypt,Middle East and Africa,2020-02-09 13:33
56ffd2a977612d04ceddfc7f7e7c2869,ROMANIA (National),Romania,Europe,GUC,Egypt,Middle East and Africa,2020-03-22 18:09
7252556273ce6a3cda692f802a939311,LEIPZIG,Germany,Europe,VITÓRIA,Brazil,Americas,2020-03-31 01:59
9165bf2d5bfacfe90e5e8f99c7e6d0cd,CURITIBA,Brazil,Americas,ISTANBUL WEST,Turkey,Europe,2020-02-08 17:10
22a3528f8893326e8021d5277982aaf6,Lithuania (MC),Lithuania,Europe,FTU HCMC,VIETNAM,Asia Pacific,2020-03-11 06:25
d9026f26726fe14162e063e4432634c8,Alexandria,Egypt,Middle East and Africa,IZMIR,Turkey,Europe,2020-05-11 02:42
846876c120122de6279f0ceaa8f41e9b,KOELN,Germany,Europe,Salta,Argentina,Americas,2020-03-29 03:21
8c9d3f54fa70042d4a41a13e4ec956ea,Querétaro,Mexico,Americas,UCR,Costa Rica,Americas,2020-03-26 05:52
3e3c0e7c3e50fdf092ec2cdea9be2920,JOAO PESSOA,Brazil,Americas,Guadalajara,Mexico,Americas,2020-03-26 05:55
a3a5b335af338e84e8440572ba788a13,Tacapes,Tunisia,Middle East and Africa,Mansoura,Egypt,Middle East and Africa,2020-03-22 05:00
d5cd064f7b12c7df17956f1c32334376,VENEZIA,Italy,Europe,ESKISEHIR,Turkey,Europe,2020-02-12 05:03
892bb6a6d79699f76882292cd2fa3991,REGENSBURG,Germany,Europe,UNSRI,Indonesia,Asia Pacific,2020-03-26 16:22
573760fa23d0eb8b2e89ec8326007e35,MUENSTER,Germany,Europe,COCHABAMBA,Bolivia,Americas,2020-04-07 19:45
49af65a7c7ad540bdcfe9235eedd7029,ITAJUBA,Brazil,Americas,KYIV,Ukraine,Europe,2020-03-14 22:19
4a8b94ee52202acd0b584c66e88af857,Baku Qafqaz,Azerbaijan,Europe,Milano,Italy,Europe,2020-04-09 06:02
0dafdfdb66aea0d913b1f33c6de08580,National Office Switzerland,Switzerland,Europe,PASTO,Colombia,Americas,2020-03-28 05:16
103af75fae8962ab59b906636c2b07f8,USIU-Africa,Kenya,Middle East and Africa,MC Spain,Spain,Europe,2020-09-04 14:49
8213ef9b05d11a2e6f4ccb45551c3ea9,ISTANBUL,Turkey,Europe,BOLOGNA,Italy,Europe,2020-02-24 17:00
e123b453c9fde1faa6a57f09b1df07d0,Ho Chi Minh City South,VIETNAM,Asia Pacific,BRNO,Czech Republic,Europe,2020-03-02 00:52
a2d35702547f1b0ec45b3745740ec2af,Expansion Gran Chaco - Bolivia,Bolivia,Americas,VALLEDUPAR,Colombia,Americas,2020-03-15 05:58
8ad15ffe3795f375c0610b15d4c6d574,MAINZ - WIESBADEN,Germany,Europe,ESPE,Ecuador,Americas,2020-04-07 19:43
afb8f3fcac3ae6f0936dda412aaf88b4,ARACAJU,Brazil,Americas,Neuquén,Argentina,Americas,2020-04-21 04:32
6042e68982075b0459b565f2824c2824,USP,Brazil,Americas,ESKISEHIR,Turkey,Europe,2020-05-11 02:46
d304ff03e260377780ecf6b7249b7763,MACKENZIE,Brazil,Americas,GUC,Egypt,Middle East and Africa,2020-02-14 23:43
5f47419edac8ff1324b02a472cecc202,Tacapes,Tunisia,Middle East and Africa,KOCAELI,Turkey,Europe,2020-03-20 20:14
368d1024657c2942d176ef78352462ac,Tacapes,Tunisia,Middle East and Africa,KOCAELI,Turkey,Europe,2020-03-20 20:15
f49033d41cd55487637a45d6e2683d62,Buenos Aires,Argentina,Americas,Portugal (MC),Portugal,Europe,2020-04-02 01:29
a18751b0390c76084d3828d060adbee9,Cusco,Peru,Americas,Chihuahua,Mexico,Americas,2020-02-19 07:28
36b63c1dbf3b83022013f6265cee2cf9,Douala,Cameroon,Middle East and Africa,Mansoura,Egypt,Middle East and Africa,2020-02-27 21:57
2e33256bf48c4fad9c036c9cb9221b99,Casablanca,Morocco,Middle East and Africa,Cairo University,Egypt,Middle East and Africa,2020-03-29 21:50
b025ebf06491d5cc567bca53db2f13df,SANTA MARIA,Brazil,Americas,GUC,Egypt,Middle East and Africa,2020-03-25 11:29
82ced2a3f7074362d088deab546ae307,SANTIAGO DE CHILE,Chile,Americas,TORINO,Italy,Europe,2020-03-03 23:18
a3ff06e84a6c9d3efc3511b9c23ea521,Rabat,Morocco,Middle East and Africa,SAKARYA,Turkey,Europe,2020-02-24 17:02
6530281560cd3bcf48105af289e9cb70,PELOTAS,Brazil,Americas,TORINO,Italy,Europe,2020-04-19 06:10
8de76001f91b6970e2df0a94f9cedbad,Tec Santa Fe,Mexico,Americas,Bangkok University,Thailand,Asia Pacific,2020-02-06 13:50
771bd362488252a413b03fae8688649a,Jaipur,India,Asia Pacific,BRNO,Czech Republic,Europe,2020-03-02 00:46
0e2fea9b3a0bbe2ca928a875281c3000,Ouargla,Algeria,Middle East and Africa,OLOMOUC,Czech Republic,Europe,2020-03-19 16:40
4564671bd0ab7fbcdba4c5fc0dc53216,Cluj-Napoca,Romania,Europe,ITALIA,Italy,Europe,2020-04-22 19:56
62f5166aa3edc87c00f45ceafdc2d63e,Chennai,India,Asia Pacific,Mansoura,Egypt,Middle East and Africa,2020-01-27 08:31
13507d560067a63aa3137bd2fb5caa58,UTRECHT,The Netherlands,Europe,ARMENIA,Colombia,Americas,2020-03-25 21:02
92fc31753f29ef3b74517cdecb8364c8,SALVADOR,Brazil,Americas,MAINZ - WIESBADEN,Germany,Europe,2020-03-29 02:09
78688e605c28744c1db3de7f42c9c877,Icesi (Cali),Colombia,Americas,SALVADOR,Brazil,Americas,2020-04-04 03:17
4847d3bccdae80c7e7a95f57995915f3,Suez,Egypt,Middle East and Africa,"SPUEF, Saint-Petersburg",Russia,Europe,2020-02-09 13:18
f10d23f77f0fbb06ea55eced80b245de,London,United Kingdom,Europe,University of the Philippines - Manila,Philippines,Asia Pacific,2020-07-11 14:12
dcbc7e1278daeddaa15a8f9bd30bd1d5,JAVERIANA CALI,Colombia,Americas,SALVADOR,Brazil,Americas,2020-04-26 22:44
4cb042aeaa63ababec3cc267691b6867,Icesi (Cali),Colombia,Americas,MC Spain,Spain,Europe,2020-02-25 23:18
930ea9f5eceac9c9812a443c12991bb5,Cairo University,Egypt,Middle East and Africa,KANDY,Sri Lanka,Asia Pacific,2020-02-09 13:31
00cb032b1956398e8142e8e964371726,IPN,Mexico,Americas,BELO HORIZONTE,Brazil,Americas,2020-05-07 00:49
2a439c2d79f66707b4865e1f9b509c7a,Ambato,Ecuador,Americas,NAPOLI PARTHENOPE,Italy,Europe,2020-01-31 23:17
a900350e8eab2dfec4ec2a225a53200e,ANDES,Colombia,Americas,FLORIANÓPOLIS,Brazil,Americas,2020-04-04 02:39
d96de8c472f42ae266c20bf810605c33,JAVERIANA,Colombia,Americas,MC Guatemala,Guatemala,Americas,2020-06-07 04:23
dd01748205101d70dfe6297eac2a1eef,BELO HORIZONTE,Brazil,Americas,Damietta,Egypt,Middle East and Africa,2020-03-05 08:44
82a9d256b221eedcfdff731de0956e15,ROMA TRE,Italy,Europe,EAFIT,Colombia,Americas,2020-05-07 02:30
0a1fb9a1a2f5eabca14fdaf2f6ba0746,Taiwan SCU,Taiwan,Asia Pacific,PILSEN,Czech Republic,Europe,2020-03-01 06:55
8691447a0e6fc4a9bd394d6470af7839,BELO HORIZONTE,Brazil,Americas,Chennai,India,Asia Pacific,2020-04-01 23:11
385606e2f84ce9c31be61558d2a85738,EKATERINBURG,Russia,Europe,BOLOGNA,Italy,Europe,2020-03-17 00:50
6391d5d2036f62ad3a904c4712c22040,UNINORTE,Colombia,Americas,Sinaloa,Mexico,Americas,2020-08-03 07:33
f65ab0ca4a3ad5ae4fed7f308cb4dbbb,KOELN,Germany,Europe,Semarang,Indonesia,Asia Pacific,2020-04-10 18:24
13d4f047cbe55ba09feffcaf337278be,PM,Indonesia,Asia Pacific,BRNO,Czech Republic,Europe,2020-02-28 23:31
697e9f85bd2401c2114dd11a6eb527a2,Puebla,Mexico,Americas,UCR,Costa Rica,Americas,2020-03-27 04:51
892a89fec5d2e8565089a6709c96c736,ROMANIA (National),Romania,Europe,Pune,India,Asia Pacific,2020-04-12 07:08
270cdf88fbd321916f127d6c087ea7a0,University of Antwerp (UA),Belgium,Europe,Ho Chi Minh City South,VIETNAM,Asia Pacific,2020-03-12 23:44
d011e931f2259de839e07e8c4eedbcc6,CENTRAL,Colombia,Americas,Wroclaw UT,Poland,Europe,2020-03-27 04:45
032497703eaec65f254633f2e569a69d,TRABZON,Turkey,Europe,ARAD,Romania,Europe,2020-03-27 21:10
5f230ded8f27fd7b6d18f944e9b8377c,USP,Brazil,Americas,Dehradun,India,Asia Pacific,2020-01-24 08:43
ac0bc765b62ea1cb321e9520cf06548a,KAZAN,Russia,Europe,Pune,India,Asia Pacific,2020-05-27 22:54
4c5d658a53b9ea0a582cf04365f6cfe5,Ufa,Russia,Europe,ESKISEHIR,Turkey,Europe,2020-04-09 18:49
12c1155c6373367d2db5609ef876b011,ATLANTA,United States,Americas,BELO HORIZONTE,Brazil,Americas,2020-05-27 02:51
54bb6968a0a38519782466658b92c404,BARDO,Tunisia,Middle East and Africa,ROTTERDAM,The Netherlands,Europe,2020-09-06 08:23
f64220f220bed9f100b61decd5c6569c,Chennai,India,Asia Pacific,Ain Shams University,Egypt,Middle East and Africa,2020-01-27 08:28
eded350a68755b5169880120468be9e5,MAINZ - WIESBADEN,Germany,Europe,VITÓRIA,Brazil,Americas,2020-04-11 18:51
c12d71de40d2c84b006ddda04140002b,GUC,Egypt,Middle East and Africa,GETÚLIO VARGAS,Brazil,Americas,2020-02-07 05:58
5d31c3af230dd4eb640afa7f66fcfb55,MC Paraguay,Paraguay,Americas,FLORIANÓPOLIS,Brazil,Americas,2020-04-02 15:22
dee6bfadfe6fa8932cf49d00e1ed79ed,VENEZIA,Italy,Europe,AMSTERDAM,The Netherlands,Europe,2020-02-14 16:42
18dd6e6539843f7fb75188cd22ab49ad,CENTRAL,Colombia,Americas,SALVADOR,Brazil,Americas,2020-01-24 08:28
91574c29f0ef66da4587613d2576a4f9,Querétaro,Mexico,Americas,FLORIANÓPOLIS,Brazil,Americas,2020-04-07 08:31
ffa907625241ea1f70bf867a92fbfc08,BOCHUM,Germany,Europe,JYVÄSKYLÄ,Finland,Europe,2020-04-04 19:59
6821f22f7e0cf570a7b2a7393730f4af,BRAUNSCHWEIG,Germany,Europe,VITÓRIA,Brazil,Americas,2020-04-09 19:11
5bbae76bcc71ef56d6aa3f6fb05ac8c5,BRAUNSCHWEIG,Germany,Europe,VITÓRIA,Brazil,Americas,2020-04-09 03:47
1dc956b2b61cd73f634b85a19ebdabc9,BRAUNSCHWEIG,Germany,Europe,VITÓRIA,Brazil,Americas,2020-04-09 03:54
39b86e087a63777ae30d8d626ce54cdf,BRAUNSCHWEIG,Germany,Europe,VITÓRIA,Brazil,Americas,2020-04-11 03:49
a894351ada97fa8fb62cbf768347d738,BRAUNSCHWEIG,Germany,Europe,VITÓRIA,Brazil,Americas,2020-04-09 03:52
ecdeed4a7044353a4d218dbb48fcb4da,BRAUNSCHWEIG,Germany,Europe,VITÓRIA,Brazil,Americas,2020-04-09 19:11
6c49d1ca96681700bc8ea1b29de06680,Pacifico,Peru,Americas,Jodhpur,India,Asia Pacific,2020-05-24 03:05
47dfee3ec5f232520c596445b3502f15,BOCHUM,Germany,Europe,JYVÄSKYLÄ,Finland,Europe,2020-04-04 20:01
54f8579498257cb9837ed89d12723f3c,PADOVA,Italy,Europe,ANTALYA,Turkey,Europe,2020-04-03 14:43
d192604c5b8980ebaf172a4933afc491,KARLSRUHE,Germany,Europe,PORTO ALEGRE,Brazil,Americas,2020-04-05 19:33
5b34c31060fcf0e68c92df3dba008205,Budapest Business School - KVIK,Hungary,Europe,Pacifico,Peru,Americas,2020-04-28 04:39
64a5eb3d13ac1a411b99b9d8736bc656,BRAUNSCHWEIG,Germany,Europe,VITÓRIA,Brazil,Americas,2020-04-09 03:54
53857e4bf4bcdf0506eb04806ce97edb,Karachi,Pakistan,Asia Pacific,ANTALYA,Turkey,Europe,2020-04-05 01:03
cc5724210eb34e84b23e380a72b6fad0,Karachi,Pakistan,Asia Pacific,ANTALYA,Turkey,Europe,2020-04-05 01:05
00dc0fdc9bae9680a2576aa81cea36ae,BRAUNSCHWEIG,Germany,Europe,LVIV,Ukraine,Europe,2020-04-09 19:17
a772a8acdeb152cea74a355b622e6361,BRAUNSCHWEIG,Germany,Europe,AAST In CAIRO,Egypt,Middle East and Africa,2020-04-09 19:01
03e119e44c72b0efa241403fa12391e3,MONTERIA,Colombia,Americas,SALVADOR,Brazil,Americas,2020-04-29 20:25
05d275ab66e6f70bf6f7c835e5a6a461,ISTANBUL WEST,Turkey,Europe,KRAGUJEVAC,Serbia,Europe,2020-03-29 04:48
09c58476309528d16d5115013fd26216,Mohammedia,Morocco,Middle East and Africa,ISTANBUL WEST,Turkey,Europe,2020-02-26 16:33
8117e25e734cf11e719555d17d06e5ce,BRAUNSCHWEIG,Germany,Europe,AAST In CAIRO,Egypt,Middle East and Africa,2020-04-09 19:02
3621a0af446039aaed4fdde074d1d649,BRAUNSCHWEIG,Germany,Europe,AAST In CAIRO,Egypt,Middle East and Africa,2020-04-09 19:03
4b35ec9ee8db769a9aea7b882b87cd02,BRAUNSCHWEIG,Germany,Europe,AAST In CAIRO,Egypt,Middle East and Africa,2020-04-09 19:04
9532b6177d5a1e84232c3149db57ff46,Karachi,Pakistan,Asia Pacific,ANTALYA,Turkey,Europe,2020-04-05 01:05
6cd5d6b9c956432e77a74bd68b058c86,BRAUNSCHWEIG,Germany,Europe,VITÓRIA,Brazil,Americas,2020-04-09 03:46
2791fcf4c82a3b25aaca7c0b54b03f26,Oaxaca,Mexico,Americas,UNINORTE,Colombia,Americas,2020-02-07 05:55
3b44955e190d6f43af4ec0fbaf3809b7,MOSCOW,Russia,Europe,El Jadida,Morocco,Middle East and Africa,2020-04-13 19:06
50c6cf02dba1603ef1a49162b7f8d123,DUESSELDORF,Germany,Europe,Neiva,Colombia,Americas,2020-04-15 16:53
143610dc2dc57e51aaf58c20de9db7b3,BRAUNSCHWEIG,Germany,Europe,UB,Indonesia,Asia Pacific,2020-04-14 18:39
544f74d2428fe3dc4615621e34fc9a50,BRAUNSCHWEIG,Germany,Europe,VENEZIA,Italy,Europe,2020-03-19 02:51
6d4db8ea440d94625f2c813e872b260b,MARINGÁ,Brazil,Americas,EXTERNADO,Colombia,Americas,2020-04-06 02:12
0e7fdb86bc7984a22f5aba2723e8d8bf,BRAUNSCHWEIG,Germany,Europe,VENEZIA,Italy,Europe,2020-03-19 02:46
c1dc6804a7ee30e5aaec992802e180b4,TERESINA,Brazil,Americas,NAPOLI FEDERICO II,Italy,Europe,2020-01-22 18:04
bfd761a9d8a24231ca3feda8ce8d34c5,BRAUNSCHWEIG,Germany,Europe,UB,Indonesia,Asia Pacific,2020-04-14 18:38
3fe3f0392fbe905cdb77cad03afabf21,BRAUNSCHWEIG,Germany,Europe,VENEZIA,Italy,Europe,2020-03-19 02:49
22527d26ebfb237aec8189ddbf979f97,BRAUNSCHWEIG,Germany,Europe,VENEZIA,Italy,Europe,2020-03-19 02:25
304325ec058c0f97470fce3104333e80,BRAUNSCHWEIG,Germany,Europe,VENEZIA,Italy,Europe,2020-03-19 02:42
eb11bcafe2291e676c0ad499b6c32867,LISBOA ISEG,Portugal,Europe,KOCAELI,Turkey,Europe,2020-03-19 15:58
8955bba904b09ab053b120de447c779f,BRAUNSCHWEIG,Germany,Europe,VENEZIA,Italy,Europe,2020-03-19 16:03
77082275d6313de493957124f4742aeb,SALVADOR,Brazil,Americas,Mendoza,Argentina,Americas,2020-04-02 15:20
3c8c7df110af4e8dd20d3173191662cc,Karachi,Pakistan,Asia Pacific,ANTALYA,Turkey,Europe,2020-04-05 01:06
4416d7d24fa91d0f5033d1485b945926,Baku Synergy,Azerbaijan,Europe,Helsinki,Finland,Europe,2020-03-23 07:18
542d0d668bc13e284168b1aa1783ced5,MIU,Egypt,Middle East and Africa,"ENGEC-GUAP, Saint-Petersburg",Russia,Europe,2020-02-20 01:25
8bf5dd2c09c737065ae38ba01682a750,USFQ,Ecuador,Americas,USP,Brazil,Americas,2020-03-14 22:25
9183cac55e7c685fa4ba888cc6d5ba86,JENA,Germany,Europe,IBAGUÉ,Colombia,Americas,2020-04-29 03:44
078f3e7d8ffa1319a29cfc3949b88a5b,Karachi,Pakistan,Asia Pacific,ANTALYA,Turkey,Europe,2020-04-05 01:07
cfa1c5145ec97f8815350b0779f890e5,REGENSBURG,Germany,Europe,Ho Chi Minh City,VIETNAM,Asia Pacific,2020-03-27 01:56
68d2802e3bce4d36e5820580cf23c427,ANDES,Colombia,Americas,FTU HCMC,VIETNAM,Asia Pacific,2020-04-16 07:03
9451e0428cd63d99fe3b69a05ef659cf,ROSARIO,Colombia,Americas,VENEZIA,Italy,Europe,2020-03-08 07:30
d8f7e6e692f5eb98fa8d15b5e1f3a1b6,BRAUNSCHWEIG,Germany,Europe,UB,Indonesia,Asia Pacific,2020-04-14 18:44
d85a7e08fed172621c009a683b3392a9,BOLOGNA,Italy,Europe,UCR,Costa Rica,Americas,2020-04-11 18:25
05bfd6ea4856c804cff3e2b4ed992e28,UNITED STATES (MC),United States,Americas,MC Spain,Spain,Europe,2020-03-26 06:09
ad13b968fc2df4702ca4a1587d62b801,BRAUNSCHWEIG,Germany,Europe,LVIV,Ukraine,Europe,2020-04-09 19:17
12e0a34a704eec4819e9d14bb5b8eeaa,ROMANIA (National),Romania,Europe,EAFIT,Colombia,Americas,2020-04-15 17:00
5ed3fe50f61313778b62dd6542b49479,MAASTRICHT,The Netherlands,Europe,KNUST,Ghana,Middle East and Africa,2020-04-03 14:49
cae619b79b470894b1422e127d2bfd1d,MUENSTER,Germany,Europe,KANDY,Sri Lanka,Asia Pacific,2020-05-25 08:13
5469ef90ea37af3e422f3a3476964dc1,Carthage,Tunisia,Middle East and Africa,UBERLÂNDIA,Brazil,Americas,2020-06-05 18:38
a9bd5cb5547e71ee1ca12acf5c5a8b15,UNSOED,Indonesia,Asia Pacific,Jalandhar,India,Asia Pacific,2020-05-27 22:45
7f6a9e2cfeeb5d01c42c30cf3bcf77ee,USP,Brazil,Americas,ISTANBUL WEST,Turkey,Europe,2020-02-05 02:34
31bd0468f88329c2a6209dc59815a3bf,Piura,Peru,Americas,Londrina,Brazil,Americas,2020-05-12 03:18
c43da7ddb02e64e2b8ecfc7dd42043d6,BUCARAMANGA,Colombia,Americas,Sinaloa,Mexico,Americas,2020-03-27 04:39
09a87c6ba77934d40e75182bb3a3831a,UNIVERSITY,Tunisia,Middle East and Africa,UBERLÂNDIA,Brazil,Americas,2020-03-18 14:11
47cbf02a9b47bf31289d2de125ebbcaf,ANTALYA,Turkey,Europe,Milano,Italy,Europe,2020-03-21 08:05
43bdab005918d7828fe3661063bf27ec,FRANKFURT (MAIN),Germany,Europe,FLORIANÓPOLIS,Brazil,Americas,2020-03-31 06:23
3ce8beec42c367d2e23b7369a9009fca,Benak,Algeria,Middle East and Africa,KOCAELI,Turkey,Europe,2020-07-22 04:54
600e6e1f03e6114a33275490be3fe300,ANDES,Colombia,Americas,Delhi University,India,Asia Pacific,2020-08-21 06:53
2cfcf5cdd5947976cb7a3b36030a7e56,ISTANBUL,Turkey,Europe,SIBIU,Romania,Europe,2020-03-11 19:10
74b5b7e6ddc994cdcbd3812cfc8bfb04,Wageningen,The Netherlands,Europe,IBAGUÉ,Colombia,Americas,2020-03-20 03:06
9e070c1823546ced600250707bbf8327,VENEZIA,Italy,Europe,FTU Hanoi,VIETNAM,Asia Pacific,2020-02-14 16:40
60e8ed0c4cc6fb3f8e2db3ff345d0622,Oaxaca,Mexico,Americas,UNINORTE,Colombia,Americas,2020-03-31 03:51
7384b676f8a0149920f4d7c73305baba,Londrina,Brazil,Americas,Mendoza,Argentina,Americas,2020-03-03 07:11
c9e1164fb9d65136fa8557229087093b,MUENSTER,Germany,Europe,UoM THESSALONIKI,Greece,Europe,2020-03-30 20:35
f4f9e1bae0f724836ec00e2bf127d52d,Blida,Algeria,Middle East and Africa,ISTANBUL WEST,Turkey,Europe,2020-02-08 18:08
2b0c26c01ad5fc3acc56f67ecb359c01,PADERBORN,Germany,Europe,Tangier,Morocco,Middle East and Africa,2020-03-29 20:06
ca01b70d7abc9f7e499a44d801f24b8c,GIESSEN-MARBURG,Germany,Europe,University of Bucharest,Romania,Europe,2020-04-07 19:54
4ae33c8d39e9cef8cf48592e02363a73,Icesi (Cali),Colombia,Americas,MC Spain,Spain,Europe,2020-04-14 00:56
9bf3f7d449781cdba4c0356ab6ad081f,DUESSELDORF,Germany,Europe,Delhi University,India,Asia Pacific,2020-03-27 15:16
6c3882da84d2eeab5d3636ae9da1b5f5,ROMANIA (National),Romania,Europe,FTU HCMC,VIETNAM,Asia Pacific,2020-04-11 03:52
3ef1277e4f6e9b4fa81ee00701d3e286,Baku Qafqaz,Azerbaijan,Europe,Mansoura,Egypt,Middle East and Africa,2020-03-22 02:44
3961acf099bee7699286950fe1fccf98,UCR,Costa Rica,Americas,BRASÍLIA,Brazil,Americas,2020-04-09 04:59
a4b44d1d51c8c9a7af20174447395ad7,NUERNBERG,Germany,Europe,COLOMBO NORTH,Sri Lanka,Asia Pacific,2020-04-04 19:26
2e5a5c61e4f4c926dbd5ecf7046602e3,Impulse for Bishkek Leaders (IBL),Kyrgyzstan,Europe,KONYA,Turkey,Europe,2020-03-29 04:13
62aae18d9478d56dc893dee8c8603cf7,URP,Peru,Americas,UAEMEX,Mexico,Americas,2020-03-08 08:16
c0ccb2d0324d988540e8c99e1500130d,CUIABA,Brazil,Americas,Córdoba,Argentina,Americas,2020-04-14 02:57
30c44c26580e6fcedcc24a22309dc5a5,JENA,Germany,Europe,IBAGUÉ,Colombia,Americas,2020-03-31 03:42
820e473b0dde9975dd7bbb26b1864707,ANDES,Colombia,Americas,PORTO ALEGRE,Brazil,Americas,2020-06-02 05:36
62d1a3b7e983d940c583e05eee83bdc9,BOCHUM,Germany,Europe,UCR,Costa Rica,Americas,2020-04-13 19:37
0a8f78dfd1875d881eb8d0b066936589,UBERLÂNDIA,Brazil,Americas,Salta,Argentina,Americas,2020-04-12 03:47
f7ad213795ba1434d75db8e8db3237f6,EAN,Colombia,Americas,FORTALEZA,Brazil,Americas,2020-04-04 05:23
31e1d0d24332cdd47ccd422def8472dc,AUTH,Greece,Europe,TORINO,Italy,Europe,2020-02-12 05:05
d7c192ec2ba0eacc590ac2f1bdcf6480,BERLIN HU,Germany,Europe,PELOTAS,Brazil,Americas,2020-04-02 15:24
55b27a415d2fe2ea0ff42c66ea01de53,MUENSTER,Germany,Europe,Cuenca,Ecuador,Americas,2020-04-13 20:41
ee629bbfebea0bcab6c5f9d38cb8a6ce,Karachi,Pakistan,Asia Pacific,KONYA,Turkey,Europe,2020-03-29 01:55
7fb423ad3215948b8c2a3f0be00007fc,GIESSEN-MARBURG,Germany,Europe,UCR,Costa Rica,Americas,2020-04-07 06:04
7e3a099709c34a08fe2eef74c70a3c20,Icesi (Cali),Colombia,Americas,SALVADOR,Brazil,Americas,2020-06-05 01:12
ae39ab987b9bcc8c13bdfbfa747839af,GRONINGEN,The Netherlands,Europe,KNUST,Ghana,Middle East and Africa,2020-03-22 01:03
c42b2b9aa2cb80f03ad7acd024007f23,REGENSBURG,Germany,Europe,Ho Chi Minh City,VIETNAM,Asia Pacific,2020-03-27 01:35
40d367d01df65be5186b56a09801d5a4,NUERNBERG,Germany,Europe,COLOMBO NORTH,Sri Lanka,Asia Pacific,2020-04-04 19:25
6a6253ef3b8e932d284b149ac1947500,MUENCHEN,Germany,Europe,UdeA,Colombia,Americas,2020-04-12 07:05
78f01873772fe159417bb20a835d8366,MIU,Egypt,Middle East and Africa,BRNO,Czech Republic,Europe,2020-02-18 17:33
e2c41ce2ed2fb9cb52a31a36bcbe2353,CENTRAL,Colombia,Americas,SALVADOR,Brazil,Americas,2020-04-29 03:48
94527cb5c571b37cf5bf881ac41fd6fc,Official Expansion Thailand,Thailand,Asia Pacific,"The University of Nottingham, Malaysia Campus (UNMC)",Malaysia,Asia Pacific,2020-04-16 19:17
1ebecbb8dcf91a9e9a428b35de1929d2,Podgorica,Montenegro,Europe,PORTO FEP,Portugal,Europe,2020-08-15 19:23
8097b17b9a7b800f69575819d64cc50d,HAMBURG,Germany,Europe,KANDY,Sri Lanka,Asia Pacific,2020-04-24 15:11
a3d8a370cc6d2074e86b10e7530b6c4a,PASSAU,Germany,Europe,Ain Shams University,Egypt,Middle East and Africa,2020-03-20 16:59
f01a5466efd7efd3f6a2372c358c9dad,ODESA,Ukraine,Europe,BOLOGNA,Italy,Europe,2020-03-14 18:36
7a6fca917fa7f979d7edac27a623d748,Manizales,Colombia,Americas,USP,Brazil,Americas,2020-06-11 03:34
8084a1fc1a1ddc43f22384ad6f2eed23,Ain Shams University,Egypt,Middle East and Africa,Chandigarh,India,Asia Pacific,2020-02-23 09:24
95aeb7ee566a3219481ddff44c24ef5e,Guadalajara,Mexico,Americas,NAPOLI FEDERICO II,Italy,Europe,2020-01-26 23:10
2436b7e5dd357504aa63fc0c31c8a26f,NUERNBERG,Germany,Europe,BUCURESTI,Romania,Europe,2020-05-08 02:53
3cea79eeeb7aea84168f4b5c703b41b0,ESKISEHIR,Turkey,Europe,BRASOV,Romania,Europe,2020-01-28 23:25
771b6de5746563ea8ffa438e73a6ac3a,NAPOLI FEDERICO II,Italy,Europe,VITÓRIA,Brazil,Americas,2020-04-06 18:53
183dd42a08ca7ed63b3184e73ecfe4a1,JENA,Germany,Europe,Helsinki,Finland,Europe,2020-03-22 01:01
b9ce5ee75e06cae08e750be56c744325,SANTA MARIA,Brazil,Americas,UNINORTE,Colombia,Americas,2020-03-26 00:04
b25e6364923160ba01b0c5136b07cc5d,BRAUNSCHWEIG,Germany,Europe,UCC (University of Cape Coast),Ghana,Middle East and Africa,2020-04-08 22:14
e4d59a16d0f480f32ba03444b4e05eb5,Bejaia,Algeria,Middle East and Africa,ISTANBUL,Turkey,Europe,2020-03-15 04:35
fff1e0e1e5732ce87989aa04f3863d07,KOELN,Germany,Europe,TEC,Costa Rica,Americas,2020-04-11 02:00
e13fd830824f0599f5464e0df3580411,CENTRAL,Colombia,Americas,SALVADOR,Brazil,Americas,2020-04-29 03:44
fc8f7375927da96cfd2e307d6763f7c0,PERU,Peru,Americas,PORTO ALEGRE,Brazil,Americas,2020-02-13 04:06
e3817f462621413f7aa4d5d58277e86f,DUESSELDORF,Germany,Europe,NEU,VIETNAM,Asia Pacific,2020-04-24 02:18
1b0f609f843a07d62945fb6b9ef254cd,Hyderabad,India,Asia Pacific,Cairo University,Egypt,Middle East and Africa,2020-03-29 21:49
3325b2bbc9ddf3acaf9d5d9fe93bc4d4,MOSCOW,Russia,Europe,PAVIA,Italy,Europe,2020-03-24 16:06
a4959628e03463fc17723ba2dc32716e,TUNJA,Colombia,Americas,MANAUS,Brazil,Americas,2020-02-06 04:33
bf0f049deb5d244bca22611ad1286896,RIO DE JANEIRO,Brazil,Americas,BME - Budapest,Hungary,Europe,2020-09-17 19:59
48d69bbb2f3ab702f0be5fded443c02c,TORINO,Italy,Europe,Casablanca,Morocco,Middle East and Africa,2020-04-22 20:00
2e756bd59d316c2fc211cbc3af7501e5,Neuquén,Argentina,Americas,VALE DO SAO FRANCISCO,Brazil,Americas,2020-05-31 15:10
f597df80d1eb892f19ceee59316ddfd8,KHARKIV,Ukraine,Europe,TORINO,Italy,Europe,2020-04-09 06:03
f32d300242ab9eae97fc0aa9cea87a89,Cairo University,Egypt,Middle East and Africa,Ahmedabad,India,Asia Pacific,2020-02-02 20:10
109e20d7b91478114e00795eb9992089,UGM,Indonesia,Asia Pacific,Thammasat University,Thailand,Asia Pacific,2020-05-06 20:49
51b961226518847087a049e8aafdab8e,GIESSEN-MARBURG,Germany,Europe,TEC,Costa Rica,Americas,2020-03-27 05:13
71200efb6897a6ddbb2fa9aac8651636,MUENSTER,Germany,Europe,CATANIA,Italy,Europe,2020-03-09 19:00
6cfa4dd9c8cbf4e0570a65dabb24f6ad,ANKARA,Turkey,Europe,IASI,Romania,Europe,2020-03-09 05:49
aef72108c01f99f74260c2309d86075f,ISTANBUL,Turkey,Europe,TORINO,Italy,Europe,2020-03-06 15:57
3821a8553e1f531bf35cd611e81ba9ab,Celaya,Mexico,Americas,BUCARAMANGA,Colombia,Americas,2020-01-24 08:28
4468a0e12eb5325271cb0b3acd15ef2a,BERLIN HU,Germany,Europe,Lima,Peru,Americas,2020-05-20 07:48
a693443600b8816c68c49362f6dee729,OSTRAVA,Czech Republic,Europe,TBILISI,Georgia,Europe,2020-03-27 20:47
c8b5a6c6cd9089158d4282d3e198955b,MUENSTER,Germany,Europe,FTU HCMC,VIETNAM,Asia Pacific,2020-04-12 21:05
d1321c868f47ff353af7568b41ed696a,BERLIN HU,Germany,Europe,GETÚLIO VARGAS,Brazil,Americas,2020-05-12 16:31
269f340678693fec31678a71d276eee5,LEIPZIG,Germany,Europe,CATANIA,Italy,Europe,2020-03-09 18:57
8e705152fdf27290e63d8bbb5d8c4c97,RUSPINA,Tunisia,Middle East and Africa,IZMIR,Turkey,Europe,2020-03-17 22:59
fd124950ec6ab1f5ebac69d59eb1b3d8,TRABZON,Turkey,Europe,PITESTI,Romania,Europe,2020-02-20 01:15
05411d1b6a90c0c1859a846ee298c689,SANTA MARIA,Brazil,Americas,ANTALYA,Turkey,Europe,2020-04-02 15:16
744bc9bc9cf954d7181e9448fe3dbd63,BOLOGNA,Italy,Europe,Cairo University,Egypt,Middle East and Africa,2020-03-22 02:40
c8e53ee7743d3bc5e4c5b3594ead35f6,MANNHEIM,Germany,Europe,Cairo University,Egypt,Middle East and Africa,2020-03-21 20:24
b9eec28cc2bcd73a8a5b6a1160cc4df5,MAINZ - WIESBADEN,Germany,Europe,VITÓRIA,Brazil,Americas,2020-04-11 18:55
1081c7f3ff5451559ab75c3e0f8e0766,MAINZ - WIESBADEN,Germany,Europe,VITÓRIA,Brazil,Americas,2020-04-11 18:50
1975f8501d90884b48c9307a4ca6ccb9,MUENSTER,Germany,Europe,Helsinki,Finland,Europe,2020-03-26 06:04
5e43f09420b3c06e972e38f52b3de9e2,Manizales,Colombia,Americas,BLUMENAU,Brazil,Americas,2020-04-01 23:18
058e68eafe8b619ca485b6dec127ffb5,BAURU,Brazil,Americas,Puebla,Mexico,Americas,2020-06-07 03:19
05545935d09b3015978cd1a73ddf53dc,DELFT,The Netherlands,Europe,LIMEIRA,Brazil,Americas,2020-04-23 02:56
12621c5b116626f8eb98e593991cbd5c,Ufa,Russia,Europe,ESKISEHIR,Turkey,Europe,2020-04-09 18:49
31454679a6dbd7575905c8488bd90576,Carthage,Tunisia,Middle East and Africa,USP,Brazil,Americas,2020-05-02 00:00
5847c7ba6930b458d4feda926b65e53f,UEM,Mozambique,Middle East and Africa,SOROCABA,Brazil,Americas,2020-04-02 15:19
0cbd5ee1ce69b79d5aaaf132f28cb6c0,UEM,Mozambique,Middle East and Africa,SOROCABA,Brazil,Americas,2020-04-02 15:19
ce213e628ac3eba0de9d5fe2da381c09,EAN,Colombia,Americas,CURITIBA,Brazil,Americas,2020-03-05 08:41
001cf6d99a40a9e7441267f1dd0a2180,LaM,Argentina,Americas,Neiva,Colombia,Americas,2020-01-24 08:16
4b0564c7e87886f6bb0d450875b2df12,UTRECHT,The Netherlands,Europe,BRASÍLIA,Brazil,Americas,2020-09-11 02:24
a29a5e42d496aaf4a75ddbc7cabad6e0,Cuenca,Ecuador,Americas,SALVADOR,Brazil,Americas,2020-08-03 07:39
38e894636dee5434389e4f69533b18ab,REU (Moscow),Russia,Europe,BONN,Germany,Europe,2020-06-03 22:18
8f5a6fd0c1cc1e443b62398abdd869b9,NUERNBERG,Germany,Europe,KANDY,Sri Lanka,Asia Pacific,2020-04-09 19:26
6ba1c7f5ea7f7d4e550d50f05a685c96,MUENSTER,Germany,Europe,Heredia,Costa Rica,Americas,2020-04-11 01:48
d132f1f41b91b232430b6ba8bfb60464,Piraeus UNIPI (Athens),Greece,Europe,ISTANBUL,Turkey,Europe,2020-04-12 07:58
fada76b293d190025fd90c8af4801b60,BRAUNSCHWEIG,Germany,Europe,UPB,Colombia,Americas,2020-04-12 22:31
3dce2ff738d399eb061915b998a8970f,Carthage,Tunisia,Middle East and Africa,SAO CARLOS,Brazil,Americas,2020-03-23 18:54
4c0964d5dbd93f54feffb3a80efe1eaa,DUESSELDORF,Germany,Europe,Cúcuta,Colombia,Americas,2020-04-14 18:46
829019d7189e95f9c309baf0eef23076,VIÇOSA,Brazil,Americas,Nordeste,Argentina,Americas,2020-02-18 02:45
825f2015d35af93046e019c79d60c7f8,ATHENS,Greece,Europe,Belgium (National),Belgium,Europe,2020-09-21 07:02
8096bf3acd1124ad8e0251f684a462cc,HAMBURG,Germany,Europe,Lima,Peru,Americas,2020-05-11 19:36
3d2ad40a9598d293f86e027b174c582d,Universidad San Marcos,Peru,Americas,PORTO ALEGRE,Brazil,Americas,2020-06-14 03:49
4a9560034bd03922a64da5656c592dc7,UTRECHT,The Netherlands,Europe,COLOMBO SOUTH,Sri Lanka,Asia Pacific,2020-03-27 01:32
77de6caedec299a5d2057c05ada3d780,Constantine,Algeria,Middle East and Africa,ISTANBUL,Turkey,Europe,2020-04-12 08:00
f461762e2fcd5f85d4f75f152ddddecf,NOVOSIBIRSK,Russia,Europe,ANCONA,Italy,Europe,2020-03-01 07:00
1c57183b8b4bafea6b93c8447cf7c25e,KOELN,Germany,Europe,SALVADOR,Brazil,Americas,2020-04-04 06:44
a505b30f1832a8b58493bf602b3eab01,Ufa,Russia,Europe,Palermo,Italy,Europe,2020-05-16 19:33
09870eb2cd425a43c1c774ffdf6211fe,FTU HCMC,VIETNAM,Asia Pacific,BUCURESTI,Romania,Europe,2020-03-27 15:56
fb9becc4484fec2a81030726ab7f5867,MONTERIA,Colombia,Americas,SALVADOR,Brazil,Americas,2020-04-30 05:25
621047e789bdd7d21f4e51863bc9461f,MUENSTER,Germany,Europe,Neiva,Colombia,Americas,2020-04-06 00:15
bc0f7f04d2bd42223a3080d13064b325,AACHEN,Germany,Europe,VITÓRIA,Brazil,Americas,2020-04-09 03:43
f32368602e1173ed44528c0afce453fc,Helsinki,Finland,Europe,ARACAJU,Brazil,Americas,2020-03-31 01:58
ad4d7b8ddb7cf7b34f452d0b40bb0b63,AUGSBURG,Germany,Europe,VITÓRIA,Brazil,Americas,2020-04-04 18:48
b94e5c9dc112a6c017b65c427af56cd4,MUENSTER,Germany,Europe,FTU Hanoi,VIETNAM,Asia Pacific,2020-07-18 03:51
2dbc346d22a1bf75e6486480bc92761d,IZMIR,Turkey,Europe,ORADEA,Romania,Europe,2020-01-28 23:26
d8a16fb8ceddefb7c2409e037af2627e,MUENSTER,Germany,Europe,COLOMBO NORTH,Sri Lanka,Asia Pacific,2020-04-07 19:46
6fa7993ba5189d6a8352c2efa0f831cf,GRONINGEN,The Netherlands,Europe,COLOMBO NORTH,Sri Lanka,Asia Pacific,2020-03-20 21:06
b17c5c2237c283b5f4f11df4b6d6ce66,MOSCOW,Russia,Europe,PADERBORN,Germany,Europe,2020-06-02 06:11
d8fda9475349017ee38d654c4565f567,GIESSEN-MARBURG,Germany,Europe,UTP,Panama,Americas,2020-03-29 04:01
56740ec3e997a174c7f7174205e8ad6e,KOELN,Germany,Europe,SALVADOR,Brazil,Americas,2020-04-16 05:27
533ebd6f8ac1d434cc1a3c84f1a7f9c6,PORTO ALEGRE,Brazil,Americas,IZMIR,Turkey,Europe,2020-05-06 00:56
ac31e98d7df16d40ca139c655f5e30d1,BELO HORIZONTE,Brazil,Americas,MC Spain,Spain,Europe,2020-04-13 16:02
fdea59a4c68d3239897a0c4e64006a4e,Oran,Algeria,Middle East and Africa,RUSPINA,Tunisia,Middle East and Africa,2020-03-20 03:37
30c3e5952504134a85e0da8f4255e8b6,Arequipa,Peru,Americas,PORTO ALEGRE,Brazil,Americas,2020-05-24 03:08
ff3fa9478c0c9b103e4e6677aa1b7e89,HANNOVER,Germany,Europe,UCR,Costa Rica,Americas,2020-04-01 02:36
e033a36e48da5ef57e043976ac279aa9,BOCHUM,Germany,Europe,UCR,Costa Rica,Americas,2020-04-11 01:55
84bfbfa1fbc2beaae85c15ad2fea6e1b,Rennes,France,Europe,BRNO,Czech Republic,Europe,2020-04-09 19:53
df2c8dd44879fb58eb93aac16aa1c5a2,ANKARA,Turkey,Europe,BOLOGNA,Italy,Europe,2020-04-06 19:53
aabdb1572f5b179ecf60852a323a620c,Ufa,Russia,Europe,ESKISEHIR,Turkey,Europe,2020-04-09 18:47
dacc66b6dd8d470b6f246d00abf8c5c3,GOETTINGEN,Germany,Europe,UCR,Costa Rica,Americas,2020-03-25 03:49
6ea0fd96ad415aa4f86c0bd7c5c428a1,MAINZ - WIESBADEN,Germany,Europe,FTU HCMC,VIETNAM,Asia Pacific,2020-04-07 19:38
185c5a984a51ba385a27df7d58651c36,UEM,Mozambique,Middle East and Africa,SOROCABA,Brazil,Americas,2020-04-07 23:09
9592feef47420098637eb4707d23774b,Córdoba,Argentina,Americas,TUNJA,Colombia,Americas,2020-05-01 02:56
e7a3c60b9fa249eacf4f8013561a14a5,ISTANBUL,Turkey,Europe,TIMISOARA,Romania,Europe,2020-02-23 22:48
f3e367a6f147e6d2422f3fc7517afa30,GRONINGEN,The Netherlands,Europe,RUSPINA,Tunisia,Middle East and Africa,2020-03-20 21:13
0cd038aaf4f85bc8ab63523737ba11b4,HANNOVER,Germany,Europe,UCR,Costa Rica,Americas,2020-04-01 02:36
fde829b710526e25a9933140438c6343,BRAUNSCHWEIG,Germany,Europe,Tangier,Morocco,Middle East and Africa,2020-04-09 19:28
0d173d63396d8ed15a12f7c376c1dd68,MUENSTER,Germany,Europe,LIMEIRA,Brazil,Americas,2020-04-03 21:06
7ffdfd68d973177d6ebb7c07edd8699c,THYNA,Tunisia,Middle East and Africa,MC Dominican Republic,Dominican Republic,Americas,2020-09-10 19:03
f9fcaa1937e5836e27f6459179d8ca6c,LIMEIRA,Brazil,Americas,VALLEDUPAR,Colombia,Americas,2020-02-06 19:31
a97590bdd2674535de3a8f69a6b49952,Damietta,Egypt,Middle East and Africa,VINNYTSIA,Ukraine,Europe,2020-03-10 11:42
5597b41525cecd1ccb91af65772ed9ac,SANTA MARIA,Brazil,Americas,Cairo University,Egypt,Middle East and Africa,2020-03-17 01:29
e4f402e591cbe6c5a5da08fc5aeda417,UNINORTE,Colombia,Americas,IZMIR,Turkey,Europe,2020-05-04 00:14
a918f9e8ff33d93d92441bbbb0292d2f,MUENSTER,Germany,Europe,ABC,Brazil,Americas,2020-04-06 18:49
8d7d3d10855affb6427a1f9cadf9617b,Hanoi,VIETNAM,Asia Pacific,Ahmedabad,India,Asia Pacific,2020-04-04 12:58
163d0d91bc0d0a9e2d9e8d4e88467131,The University of Georgia,Georgia,Europe,BOLOGNA,Italy,Europe,2020-03-17 00:46
9924d5ebcb044f6efd92ac6324b64b03,UTMACH,Ecuador,Americas,ARACAJU,Brazil,Americas,2020-04-05 00:12
2d97241b43fa57e4d9e64e97eb22e01b,ANKARA,Turkey,Europe,BOLOGNA,Italy,Europe,2020-04-23 02:57
c57c86e34784933422572bd39bec4574,The University of Georgia,Georgia,Europe,BOLOGNA,Italy,Europe,2020-03-17 00:45
6ed8cde286d61e2cdd5252e7a9a1482d,FLORIANÓPOLIS,Brazil,Americas,BUCARAMANGA,Colombia,Americas,2020-04-03 00:40
6149a2b0212c5e883bdfcd029e162b6c,MIU,Egypt,Middle East and Africa,BRNO,Czech Republic,Europe,2020-02-18 17:33
bb076b01c52d7efed20207e28b1b3b79,MC Jordan,Jordan,Middle East and Africa,BRNO,Czech Republic,Europe,2020-03-02 00:52
e890df9ec76cc24b03209e0c16300026,Babez,Algeria,Middle East and Africa,KONYA,Turkey,Europe,2020-06-29 22:54
64a5f9866db512003c6a73b512f93261,AACHEN,Germany,Europe,ABC,Brazil,Americas,2020-04-09 19:15
f93806c36f1ecb17706c38f8499ce0e9,REGENSBURG,Germany,Europe,El Jadida,Morocco,Middle East and Africa,2020-04-01 16:45
49708d590e98707cc6c05c05bc3c721c,Babez,Algeria,Middle East and Africa,KONYA,Turkey,Europe,2020-04-26 02:16
e99cfc014477fcf400d54055975f4657,AACHEN,Germany,Europe,IBAGUÉ,Colombia,Americas,2020-04-03 04:14
6dd17e5cedd4902e47b25bebba3fb182,Beni Suef,Egypt,Middle East and Africa,Baku Qafqaz,Azerbaijan,Europe,2020-04-14 19:57
f9c6d2d1c47bcaa36e75d3b9015f0837,Cuenca,Ecuador,Americas,MACKENZIE,Brazil,Americas,2020-04-11 14:28
2901c81a652edc44081e88d03253511d,Cuenca,Ecuador,Americas,MACKENZIE,Brazil,Americas,2020-04-11 14:29
fbae77df254d7227dce699f8003b6f8b,Ouargla,Algeria,Middle East and Africa,BRNO,Czech Republic,Europe,2020-03-02 00:49
4d351bc429d10738d1ec58291922b4ef,PORTO FEP,Portugal,Europe,Ahmedabad,India,Asia Pacific,2020-03-28 19:37
4b480b4caa1ca804bbaf5ea4637aeb89,REU (Moscow),Russia,Europe,Milano,Italy,Europe,2020-04-02 19:20
d7b2fa706c764884c01b3f55d4973b72,CUIABA,Brazil,Americas,Cúcuta,Colombia,Americas,2020-04-06 03:49
47fdbf0a8602738fd278bd06c53eb4ca,SANTA MARIA,Brazil,Americas,IZMIR,Turkey,Europe,2020-02-24 17:07
16d6a913e71f1e9fad060317470e4a34,ANDES,Colombia,Americas,Ain Shams University,Egypt,Middle East and Africa,2020-03-10 11:46
abf3b5931eafde46900ee96e8f77b735,KOELN,Germany,Europe,Budapest Business School - PSZF,Hungary,Europe,2020-04-07 19:55
e8dafb5e80aad5c05d840014c77be7eb,STRATHMORE UNIVERSITY,Kenya,Middle East and Africa,GUC,Egypt,Middle East and Africa,2020-03-10 11:45
6fa2c3066e602f3418a4bb882a75d4e9,ANDES,Colombia,Americas,Ain Shams University,Egypt,Middle East and Africa,2020-03-10 11:44
3b02d30e7b14e4efd73d55bb273e3ed2,Baku ADA,Azerbaijan,Europe,WARSZAWA SGH,Poland,Europe,2020-04-03 14:54
406761903bca41e02739ba5ac9e50289,ARMENIA,Colombia,Americas,ITAM,Mexico,Americas,2020-02-19 07:19
464d4e652d32fe57e35e1681004b608f,Belgrade Faculty of Economics (EF),Serbia,Europe,ROMA SAPIENZA,Italy,Europe,2020-03-30 20:13
d58dc3f337d8e45c9043cd1849c0a30b,SANTA MARIA,Brazil,Americas,IZMIR,Turkey,Europe,2020-02-24 17:06
a253ac4dfbe61d5b2495a3687bf87cb1,UC (Asunción),Paraguay,Americas,BLUMENAU,Brazil,Americas,2020-04-02 15:17
c660f94643d18cdc2731e1b31686d33b,REGENSBURG,Germany,Europe,VITÓRIA,Brazil,Americas,2020-03-22 15:02
a48eea2a88b746cc92b4018b2afd1f9e,MOSCOW,Russia,Europe,VENEZIA,Italy,Europe,2020-04-22 19:34
dc69aa5016d78e3d814f818bac392ec1,GRONINGEN,The Netherlands,Europe,RECIFE,Brazil,Americas,2020-04-16 04:48
7b5f1345f7ad6c7e62e2e9e4ecf67364,REGENSBURG,Germany,Europe,KANDY,Sri Lanka,Asia Pacific,2020-03-23 20:42
9ae2f3761f0b7d51fd10e3bbeec412fa,JENA,Germany,Europe,BELO HORIZONTE,Brazil,Americas,2020-05-13 16:23
00b92e60cbfde0200f6b37f26ea5fe2f,AMSTERDAM,The Netherlands,Europe,EAFIT,Colombia,Americas,2020-04-16 07:47
b9198d9492065b015e494f629f372e2f,MUENCHEN,Germany,Europe,SALVADOR,Brazil,Americas,2020-04-13 19:24
f827b8d21f4d3c90cbff524bb9cbfa3d,LUBLIN UMCS,Poland,Europe,NAPOLI PARTHENOPE,Italy,Europe,2020-03-09 05:42
4a81ff2d564a9bae65caab65a4a45d06,BRASÍLIA,Brazil,Americas,EAFIT,Colombia,Americas,2020-03-05 08:48
de3c43c6bf4b62c9d32331dc210bf122,LUENEBURG,Germany,Europe,Popayán,Colombia,Americas,2020-04-23 06:45
49f8040eab39bf883247802230a9feba,BRASÍLIA,Brazil,Americas,TORINO,Italy,Europe,2020-05-01 05:41
b8ff43a63b518561e10996234bea97ae,SAINT PAUL'S UNIVERSITY,Japan,Asia Pacific,UoM THESSALONIKI,Greece,Europe,2020-03-15 04:34
6f77ec2cd639838d10bf770c2fba89e8,GOETTINGEN,Germany,Europe,LIMEIRA,Brazil,Americas,2020-03-29 03:12
63758c18ef7632a6fc0334864c7abe51,ISTANBUL,Turkey,Europe,BRNO,Czech Republic,Europe,2020-03-02 00:47
d1730f21742d6eeff93187382aeebcdc,REGENSBURG,Germany,Europe,Casablanca,Morocco,Middle East and Africa,2020-03-27 01:43
7132114431d0706bbf50328818ec7e80,DUESSELDORF,Germany,Europe,Navi Mumbai,India,Asia Pacific,2020-04-16 23:01
1a3c186dd66605529be2052c85f4503b,ABC,Brazil,Americas,Ain Shams University,Egypt,Middle East and Africa,2020-01-30 08:22
bc2653c4547e6f45747af8b54d3332d8,BONN,Germany,Europe,TORINO,Italy,Europe,2020-04-07 03:26
b2c44a8ab54aaa41dd01c940340014be,EXTERNADO,Colombia,Americas,INSPER,Brazil,Americas,2020-04-16 06:59
7ec3fb4fd7d4bc2bf2957066b0cf7cf2,BARDO,Tunisia,Middle East and Africa,IZMIR,Turkey,Europe,2020-02-21 23:22
12ea6a42924e480d706fe0c9635da739,Jodhpur,India,Asia Pacific,UoM THESSALONIKI,Greece,Europe,2020-05-11 02:38
83a73407e5915cd199bcfe0c7c8e5790,GOETTINGEN,Germany,Europe,STRATHMORE UNIVERSITY,Kenya,Middle East and Africa,2020-04-02 04:43
53246233d6840a84aef39e4cd5f00159,HADRUMET,Tunisia,Middle East and Africa,IZMIR,Turkey,Europe,2020-03-25 16:05
829a3b54b0e2a64ebf6318cdcacb094c,Pune,India,Asia Pacific,GUC,Egypt,Middle East and Africa,2020-05-27 22:51
99f8c0175bc67c9b427f357511e3e15b,HADRUMET,Tunisia,Middle East and Africa,Singidunum,Serbia,Europe,2020-04-07 08:23
afa6eaf7bb57d0aeaf6c53fd96d8c304,Lima,Peru,Americas,ARACAJU,Brazil,Americas,2020-06-04 06:04
e63ab145734c281e955834f062f4512b,UPB,Colombia,Americas,WARSZAWA SGH,Poland,Europe,2020-04-03 14:53
ab18bc8e9ab6c83db203c9d7349b9e7b,KONYA,Turkey,Europe,"SPUEF, Saint-Petersburg",Russia,Europe,2020-03-05 07:18
bed7f373a3009c73630e675e980e4050,TORINO,Italy,Europe,MARINGÁ,Brazil,Americas,2020-04-23 06:46
5f42424a58b08fbba37627f650285542,OSAKA-CITY UNIVERSITY,Japan,Asia Pacific,COLOMBO NORTH,Sri Lanka,Asia Pacific,2020-05-29 01:50
1e9cc656ff7a4598287a4142e77fcbc6,Rosario (Argentina),Argentina,Americas,BALNEARIO CAMBORIU,Brazil,Americas,2020-04-12 03:48
00efe2d974aaad11be49be032d1774ab,ABC,Brazil,Americas,RUSPINA,Tunisia,Middle East and Africa,2020-03-20 03:37
e47dddd5afa96d7eaac660094971b2c4,Milano,Italy,Europe,IZMIR,Turkey,Europe,2020-03-30 00:21
cd52b966f78527bcd2641792429065a4,MARINGÁ,Brazil,Americas,Cairo University,Egypt,Middle East and Africa,2020-02-23 08:14
a1b7d7afa7220db50bc75208c4ff36c4,Expansiones Ecuador,Ecuador,Americas,SANTA MARIA,Brazil,Americas,2020-08-11 22:07
92d1b8546c21d056576adcec17a9d4ba,GOETTINGEN,Germany,Europe,TORINO,Italy,Europe,2020-03-18 15:58
69feab20037d7885fe36f9adfd463e27,REGENSBURG,Germany,Europe,UNSRI,Indonesia,Asia Pacific,2020-04-01 18:19
523ad562a6d00fe9aa43e516b807354d,OSAKA-CITY UNIVERSITY,Japan,Asia Pacific,COLOMBO NORTH,Sri Lanka,Asia Pacific,2020-05-29 01:47
7754b6dfc28c0a9efa814c9202c0a96c,MONTERIA,Colombia,Americas,MANAUS,Brazil,Americas,2020-03-27 22:41
c0758b84faa40f3b46277ac83aa101fb,JENA,Germany,Europe,UNSRI,Indonesia,Asia Pacific,2020-04-07 00:32
53b64867ae5af83ec73c7ecfee0b7321,VITÓRIA,Brazil,Americas,ANDES,Colombia,Americas,2020-01-24 08:23
08a021016df7437a5b4d741a730c3b54,Cusco,Peru,Americas,Chihuahua,Mexico,Americas,2020-02-19 07:26
b97932dc8e351c411bddcb79c85873c4,IBA,Pakistan,Asia Pacific,ISTANBUL,Turkey,Europe,2020-03-25 17:50
45e8942198fb5b13315ce38f932fae72,MUENSTER,Germany,Europe,UNIVERSITY OF PATRAS,Greece,Europe,2020-03-30 20:32
65972f7de75bcaec830a83612f7af963,NUERNBERG,Germany,Europe,VITÓRIA,Brazil,Americas,2020-04-13 19:22
7d67e0cbb067d831299d3aa0eb5d1f08,TRENTO,Italy,Europe,Cairo University,Egypt,Middle East and Africa,2020-03-22 02:41
a41a16269d1865f7b6194ea9d3eb364e,UBERLÂNDIA,Brazil,Americas,ROMA SAPIENZA,Italy,Europe,2020-04-14 02:59
f5d2bff89f77665230065c65a0b5d675,BERLIN TU,Germany,Europe,UGM,Indonesia,Asia Pacific,2020-04-11 18:46
cf2feb8241e65de6b9f793d4c7313bd9,PORTO ALEGRE,Brazil,Americas,JAVERIANA,Colombia,Americas,2020-04-17 04:59
2147864fd62a499c368a0251f2f785d2,TARIJA,Bolivia,Americas,ITAM,Mexico,Americas,2020-04-16 07:23
0bc59157798caff68ad32a427431aca0,KOELN,Germany,Europe,VENEZIA,Italy,Europe,2020-03-19 02:54
81bd8fa1ef53188103711c1541d41014,MANNHEIM,Germany,Europe,UNINORTE,Colombia,Americas,2020-03-23 23:58
34da062606f8e1eed02d9f960ecaef48,MUENSTER,Germany,Europe,Sofia UNWE,Bulgaria,Europe,2020-06-24 07:30
a8c0e10bf823661d8c7ce5948dc2f9a4,JENA,Germany,Europe,PAVIA,Italy,Europe,2020-03-19 02:59
ab194018f74b7aa4a345a194f6a85c4e,MAINZ - WIESBADEN,Germany,Europe,VITÓRIA,Brazil,Americas,2020-04-07 00:29
37c7c40d392dcaa4faab1cb5a48c52e3,AUGSBURG,Germany,Europe,Arequipa,Peru,Americas,2020-04-11 04:18
7aa2483d75b24a2defa2a5472485b1ed,Ain Shams University,Egypt,Middle East and Africa,Jalandhar,India,Asia Pacific,2020-05-27 20:17
3f86c4c1a83290f99b715632ec2c658a,BOLOGNA,Italy,Europe,FTU HCMC,VIETNAM,Asia Pacific,2020-04-05 06:51
88cbaa0a9034e65de3233eeb79499be2,La Plata,Argentina,Americas,UNINORTE,Colombia,Americas,2020-03-26 06:01
7b7980df19a7d05ddfb054f65c9be064,BELGRADE FON,Serbia,Europe,TORINO,Italy,Europe,2020-03-03 16:40
fa8de58dd7fda2fa784a608056ef7eb0,AMMAN,Jordan,Middle East and Africa,ISTANBUL,Turkey,Europe,2020-03-26 02:43
d23a728d258b2e345faf88780d05c3c3,AL-SALT,Jordan,Middle East and Africa,ISTANBUL,Turkey,Europe,2020-03-26 02:42
e4f8f912c57b8db19b9f0c92541a3d63,EAN,Colombia,Americas,FORTALEZA,Brazil,Americas,2020-04-04 05:35
420642d478a227a141033b3905130b77,NUERNBERG,Germany,Europe,UPB,Colombia,Americas,2020-04-29 04:48
e4ad09918ff1944cca1721aa97c691ad,KONYA,Turkey,Europe,Budapest Business School - KVIK,Hungary,Europe,2020-03-17 23:23
7396abbb46c5eef9e25f79e076645fdb,Cuenca,Ecuador,Americas,Tucumán,Argentina,Americas,2020-04-07 05:15
f799994258b0cb4702d2f7028c3f64ba,Expansiones Ecuador,Ecuador,Americas,SANTA MARIA,Brazil,Americas,2020-07-19 23:15
9d870dd3ec314d68956b9e5bfe79597d,Popayán,Colombia,Americas,JOAO PESSOA,Brazil,Americas,2020-04-28 01:43
079199e7927b243c7097a81e997f73a7,UNINORTE,Colombia,Americas,ITAM,Mexico,Americas,2020-04-10 05:29
d31e0af6e43c63f1c13ce11e6b00cd54,BRAUNSCHWEIG,Germany,Europe,VENEZIA,Italy,Europe,2020-03-05 23:39
2b3f75b4de803e2493a7deee36f6881d,MAINZ - WIESBADEN,Germany,Europe,UNSRI,Indonesia,Asia Pacific,2020-04-07 00:28
0c54b048175a5a3dacda2d47d85c9fd4,USP,Brazil,Americas,BUCARAMANGA,Colombia,Americas,2020-03-28 03:27
e72d00fdb850fc08f2694f7e809bc0b1,TUNJA,Colombia,Americas,Maceio,Brazil,Americas,2020-06-05 01:16
cad14f3fc3305bbad364cdf390b208ba,UTRECHT,The Netherlands,Europe,Semarang,Indonesia,Asia Pacific,2020-03-26 16:24
b020a302c7e0ef55158abbb3c86e1b1b,KOELN,Germany,Europe,SALVADOR,Brazil,Americas,2020-04-19 00:31
ac08d7ead7ff75a74b7fde47dd9edc01,Aguascalientes,Mexico,Americas,ANDES,Colombia,Americas,2020-03-29 04:13
5f0b59c5f3c3d2cf54609b8ffaccd9c7,UCR,Costa Rica,Americas,BRASÍLIA,Brazil,Americas,2020-03-22 06:58
9f398015476eb8779f62c745e80d3bea,Lima,Peru,Americas,Menofia,Egypt,Middle East and Africa,2020-03-10 11:41
1f6c9adff9e0823ec508b9064ecfd773,URP,Peru,Americas,Menofia,Egypt,Middle East and Africa,2020-03-10 11:43
54a556f25bf46305305d0135e8140b52,DEBRECEN,Hungary,Europe,UoM THESSALONIKI,Greece,Europe,2020-05-03 19:23
8d12b3763c9ebff82afd9c362bbf5874,Budapest Business School - PSZF,Hungary,Europe,ISTANBUL,Turkey,Europe,2020-03-26 02:44
28552a613e8a7b749882973b6baf1ae0,DEBRECEN,Hungary,Europe,UoM THESSALONIKI,Greece,Europe,2020-05-03 09:47
11b7b9c45b78a2aa479071fb22cb876b,REGENSBURG,Germany,Europe,VITÓRIA,Brazil,Americas,2020-04-11 03:48
764e1f965af648767d74e54f3f1c1cea,REGENSBURG,Germany,Europe,VITÓRIA,Brazil,Americas,2020-04-11 03:47
3c6f34e7dcc2b7370abe071f90bafb9e,MANNHEIM,Germany,Europe,LIMEIRA,Brazil,Americas,2020-03-24 00:03
88327c029594fd73d4b324fbd73aa96a,KOELN,Germany,Europe,SALVADOR,Brazil,Americas,2020-04-09 05:16
3e28ec679374fe9c2ad612289cd250e7,PRAIA,Cabo Verde,Middle East and Africa,FORTALEZA,Brazil,Americas,2020-04-02 15:14
89a0403fa4a401b33c1acf16ec0b97f1,JENA,Germany,Europe,Tangier,Morocco,Middle East and Africa,2020-04-21 00:21
b73a5fdcb486d69f39b40b96137caca7,Lisboa ISCTE,Portugal,Europe,UMM,Indonesia,Asia Pacific,2020-02-20 01:19
e4e2ff6db004cd1bceb962dd441d7248,BOCHUM,Germany,Europe,Rabat,Morocco,Middle East and Africa,2020-04-15 17:20
51a72e6564a8a475a304ae78bd6232c0,DUESSELDORF,Germany,Europe,Rabat,Morocco,Middle East and Africa,2020-04-14 18:48
b128151654d204543c12c9ddd57bfa5b,PASSAU,Germany,Europe,Universidad San Marcos,Peru,Americas,2020-04-11 04:22
b39f35b773e3fd511c633835662fa60a,La Plata,Argentina,Americas,BRASÍLIA,Brazil,Americas,2020-04-07 04:06
d88f569ae37d4f94f4ffe16ca06aa0eb,BUCARAMANGA,Colombia,Americas,SALVADOR,Brazil,Americas,2020-04-16 06:57
f8ba0176e5504a5d2ebe9ca0cb4ff85c,BRASÍLIA,Brazil,Americas,GAZIANTEP,Turkey,Europe,2020-03-01 07:03
fda3f53e0a14fbdd252b4aa751134e83,UNAM,Mexico,Americas,ANDES,Colombia,Americas,2020-03-29 04:14
87610ba8610d673b72b849f70a630ca6,CENTRAL,Colombia,Americas,ARACAJU,Brazil,Americas,2020-02-06 19:55
1d446f925ffbe76f9bca5e711afc64f0,GIESSEN-MARBURG,Germany,Europe,Marrakech,Morocco,Middle East and Africa,2020-03-29 04:04
94400467e4e8deb2eac5fdb5389edf4b,BONN,Germany,Europe,UNINORTE,Colombia,Americas,2020-04-29 04:49
8cdef9f9f6af5dc3ad8ac4a0c6cb36dc,HANNOVER,Germany,Europe,USAC,Guatemala,Americas,2020-03-26 06:14
0a6ccb0270f114e84f179c1fc1315f10,TUNJA,Colombia,Americas,MANAUS,Brazil,Americas,2020-04-16 05:38
6345ab21e351c31239ed8c5b26493b2a,PORTO ALEGRE,Brazil,Americas,Pacifico,Peru,Americas,2020-09-15 21:49
85235e5a4b15b4a04506972878894e3d,KARLSRUHE,Germany,Europe,El Jadida,Morocco,Middle East and Africa,2020-03-29 20:05
16d23eac092054a6470480724cc96112,BAURU,Brazil,Americas,Universidad San Marcos,Peru,Americas,2020-02-02 19:54
ec6f23258b2dbd952ef9d59c24842f94,Universidad Catolica - Peru,Peru,Americas,UdeA,Colombia,Americas,2020-05-07 05:33
fed8f1ed23b7230a16446bc3454768ac,BOLOGNA,Italy,Europe,FTU HCMC,VIETNAM,Asia Pacific,2020-03-20 18:04
64d12609714dc9374eebc6b31f3a893d,Twente,The Netherlands,Europe,SAO CARLOS,Brazil,Americas,2020-03-23 18:56
c1978d5048303b732556d07293f062ae,COLOMBO CENTRAL,Sri Lanka,Asia Pacific,WARSZAWA SGH,Poland,Europe,2020-04-03 14:56
d890e71481a20065ff6664e7502c7ba4,BOCHUM,Germany,Europe,VITÓRIA,Brazil,Americas,2020-04-16 23:05
b2f19ae33f714eb73f49d677801449ac,CENTRAL,Colombia,Americas,ITAM,Mexico,Americas,2020-06-05 01:23
a832bb97726f3686b8104568e908efc5,ATHENS,Greece,Europe,GUC,Egypt,Middle East and Africa,2020-03-29 16:10
7f347b920e4e1a9e963a3983d49c4375,ITAJUBA,Brazil,Americas,MIU,Egypt,Middle East and Africa,2020-04-12 00:42
37590060ab598973cc555c556f4a7e15,DRESDEN,Germany,Europe,BRASÍLIA,Brazil,Americas,2020-04-05 06:49
d19d68f37af4f415e819839a07266386,TUNJA,Colombia,Americas,MANAUS,Brazil,Americas,2020-02-07 06:01
763eb96b1acb86c71de6de2443723b29,MAGDEBURG,Germany,Europe,ANCONA,Italy,Europe,2020-03-19 16:02
5647468556973518952b27e44ac76b2c,MAINZ - WIESBADEN,Germany,Europe,VITÓRIA,Brazil,Americas,2020-04-07 00:26
3ed2095c7a82e1a53fcc528b201c39b1,Santa Marta,Colombia,Americas,VITÓRIA,Brazil,Americas,2020-04-29 03:39
5683381e90530c90cbac4ce8c6aea2fe,PASTO,Colombia,Americas,La Salle,Mexico,Americas,2020-04-04 05:10
57dd59e9ddcf50dfe8524e54a9ac234b,TUNJA,Colombia,Americas,VITÓRIA,Brazil,Americas,2020-04-16 21:50
3b1e7725b5789ccf3370bcad8b763d4b,MUENSTER,Germany,Europe,SALVADOR,Brazil,Americas,2020-05-11 02:34
c4eb8f3546353f122d5b34419f0b0792,BRAUNSCHWEIG,Germany,Europe,Marrakech,Morocco,Middle East and Africa,2020-04-09 19:28
f0603a8dd76ca55eef9116584aa3287f,Benak,Algeria,Middle East and Africa,BURSA,Turkey,Europe,2020-05-10 02:52
c10cee681951464643d3ca0e98a356de,BELO HORIZONTE,Brazil,Americas,MC Spain,Spain,Europe,2020-04-11 19:37
bdbacf6dc13193ba9111feb7ed3bf42e,MC Paraguay,Paraguay,Americas,BLUMENAU,Brazil,Americas,2020-04-02 15:18
b4fe931f76374849eaea8ed20c51230f,UNINORTE,Colombia,Americas,SALVADOR,Brazil,Americas,2020-06-05 01:16
93fff7002407c397486bebd85a407d21,BRASÍLIA,Brazil,Americas,Cúcuta,Colombia,Americas,2020-05-12 03:17
ef79944c3e9ae6587a7abe1be807a641,Bahía Blanca,Argentina,Americas,Chiclayo,Peru,Americas,2020-04-17 04:56
c8f3f1a50e93c75012c1ef53357fe234,SANTA MARIA,Brazil,Americas,Neiva,Colombia,Americas,2020-05-16 01:56
c31290fe943cea8dd69eb235e84aa452,ABIDJAN SUD,Cote D'Ivoire,Middle East and Africa,Hyderabad,India,Asia Pacific,2020-09-14 14:07
4bce8ddecf16f1372e7b95bb20363e2c,TIMISOARA,Romania,Europe,Oulu,Finland,Europe,2020-04-04 19:57
58b72dc26f79f40d5909ef5fe930aceb,Aalborg,Denmark,Europe,FLORIANÓPOLIS,Brazil,Americas,2020-04-01 17:03
413aab205a8c8cff14442c184f8420e8,Aalborg,Denmark,Europe,FLORIANÓPOLIS,Brazil,Americas,2020-04-01 17:04
68b7d3521abec8dddd278eb8044f5510,SANTA MARIA,Brazil,Americas,Mendoza,Argentina,Americas,2020-02-07 06:00
334d017776e921018dbb93fbb04dafeb,Icesi (Cali),Colombia,Americas,VITÓRIA,Brazil,Americas,2020-04-04 05:09
7f3fa315b3997174b303db469cb493f3,ROSARIO,Colombia,Americas,ISTANBUL WEST,Turkey,Europe,2020-04-14 03:37
08615e2d9a3d400f19769af937d5c2dd,SOPHIA UNIVERSITY,Japan,Asia Pacific,SAO JOSÉ DO RIO PRETO,Brazil,Americas,2020-05-26 01:56
ae9b7fdbf3e687eab5eed4e7a60d988f,MUENSTER,Germany,Europe,UB,Indonesia,Asia Pacific,2020-04-17 23:30
ecded4e573256021cfb43e0df14b3b31,Popayán,Colombia,Americas,NAPOLI PARTHENOPE,Italy,Europe,2020-03-19 06:06
0a2e8949136f977687592ded5802752e,Blida,Algeria,Middle East and Africa,BURSA,Turkey,Europe,2020-05-11 02:43
f89011b6bd4675bb03cfad9643246421,DUESSELDORF,Germany,Europe,VALLEDUPAR,Colombia,Americas,2020-04-15 17:16
61ad134e274d4c67c12cd94f8a1ebcaa,ECI,Colombia,Americas,SANTA MARIA,Brazil,Americas,2020-04-16 06:57
0e6e006e0694f29c0bd87fa488fa6ab3,UC (Asunción),Paraguay,Americas,UDLA,Ecuador,Americas,2020-05-14 03:32
aa2d4259c2d33b19aa7521d71020226f,Maceio,Brazil,Americas,Arequipa,Peru,Americas,2020-04-11 04:23
8df47be4591659f75067bdd9ee32d78d,IBAGUÉ,Colombia,Americas,UTP,Panama,Americas,2020-01-24 08:30
c5b0619d0ef299526f1937b4601e791d,CURITIBA,Brazil,Americas,Buenos Aires,Argentina,Americas,2020-01-26 04:54
a9213a56f61c749121bc3eda7576bbe6,Tarapoto ,Peru,Americas,SANTOS,Brazil,Americas,2020-03-31 12:53
a45df2672164646c2837934691702d26,BOLOGNA,Italy,Europe,SALVADOR,Brazil,Americas,2020-02-25 23:22
3c01393037f56205a9c97dfd5b209496,BONN,Germany,Europe,"SPUEF, Saint-Petersburg",Russia,Europe,2020-04-24 16:23
5a5b601cdc70f94ce036d805c9b2e797,La Laguna,Mexico,Americas,JYVÄSKYLÄ,Finland,Europe,2020-04-16 22:51
81c485e202da58416f36e923bc59d769,AOYAMAGAKUIN UNIVERSITY,Japan,Asia Pacific,Oulu,Finland,Europe,2020-04-01 18:14
c28ac522ab42b3a72639dd1196a5f5e9,FRANKFURT (MAIN),Germany,Europe,SALVADOR,Brazil,Americas,2020-04-15 04:01
ab057477e14973f4449f99b82b5fec5f,ULB,Belgium,Europe,Ho Chi Minh City,VIETNAM,Asia Pacific,2020-04-10 05:13
da1ba8702abdaa6c53f8a5e3c9ec182d,ESPE,Ecuador,Americas,PELOTAS,Brazil,Americas,2020-04-01 23:16
35b661e5ebf60fed5f7034ef880a4067,FTU Hanoi,VIETNAM,Asia Pacific,BRNO,Czech Republic,Europe,2020-03-02 00:55
4d2e24c1f1cfadc0c4915dad9f949b34,Université de Lomé,Togo,Middle East and Africa,Bengaluru,India,Asia Pacific,2020-02-17 12:03
89a2f4d5cf84233794ffe85a397e8a2a,Rennes,France,Europe,ITALIA,Italy,Europe,2020-05-22 15:14
dc8f6af97b3ebe7c2eae13166cdb3b6d,LEIPZIG,Germany,Europe,UCR,Costa Rica,Americas,2020-03-30 20:28
320ba1a7f9bd353daaa62bce7e2f7983,Belgrade Faculty of Economics (EF),Serbia,Europe,TRENTO,Italy,Europe,2020-03-28 18:58
a77f9b5fdfada493a60649170de01a15,IPN,Mexico,Americas,SALVADOR,Brazil,Americas,2020-04-05 00:13
5ef6119786eb7ccfcc5fc372cb3e4082,MAINZ - WIESBADEN,Germany,Europe,Podgorica,Montenegro,Europe,2020-04-28 03:12
83a2a90244dd37fc166968ebc7aa292c,AACHEN,Germany,Europe,Ho Chi Minh City,VIETNAM,Asia Pacific,2020-04-07 20:02
7a5ca58f7230e2d50725c12e20f68a6b,LEIPZIG,Germany,Europe,BUDAPEST UNIVERSITY,Hungary,Europe,2020-03-27 00:52
b4459c6cec6a7f14c8f04e92987ea7d3,HADRUMET,Tunisia,Middle East and Africa,Piraeus UNIPI (Athens),Greece,Europe,2020-04-07 20:14
94f769ff3c01792442bb0cee253dc8fa,Entre Ríos,Argentina,Americas,BLUMENAU,Brazil,Americas,2020-04-02 15:22
902ff0e737406c66c87abf13d85ddf85,SZCZECIN,Poland,Europe,FORTALEZA,Brazil,Americas,2020-04-02 22:34
b37f1325373e8d13c4ae56d3e5e2f5e9,UTRECHT,The Netherlands,Europe,VITÓRIA,Brazil,Americas,2020-03-27 00:46
a1c02e30b932230d0df4558ba510ef63,Oran,Algeria,Middle East and Africa,ISTANBUL,Turkey,Europe,2020-04-12 08:04
192fb5a741b45ff800bcc37f36acc025,The University of Georgia,Georgia,Europe,VENEZIA,Italy,Europe,2020-03-20 18:09
767a06746c4e2881ad275d47cb98cf40,El Jadida,Morocco,Middle East and Africa,ISTANBUL,Turkey,Europe,2020-04-12 08:03
3dd7f93b3cc97c9358571a16f4f5e306,ISTANBUL,Turkey,Europe,Bratislava,Slovakia,Europe,2020-02-22 14:46
e13cbd9ce88bbf1738bf384b000afc4c,PASSAU,Germany,Europe,UDLA,Ecuador,Americas,2020-04-01 02:05
c86db2a201793d9a113d06fc6f05360a,School of Commerce (SOC),Ethiopia,Middle East and Africa,GUC,Egypt,Middle East and Africa,2020-03-10 11:38
d11dd8048a7edccf73b557a0d9e5542b,UC (Asunción),Paraguay,Americas,BLUMENAU,Brazil,Americas,2020-04-02 15:13
10d88187cea81464d7a477ccae81b633,BONN,Germany,Europe,Palermo,Italy,Europe,2020-03-23 07:44
431d1282206afd97a77e70bcd07d7e2d,Sinaloa,Mexico,Americas,CURITIBA,Brazil,Americas,2020-04-07 08:30
388d438af588debcabf82f1464854358,EAN,Colombia,Americas,FORTALEZA,Brazil,Americas,2020-04-04 05:38
38799a391471e0a0a0e75e37043aacf0,Karachi,Pakistan,Asia Pacific,ISTANBUL,Turkey,Europe,2020-04-13 19:04
abc278eab1f8f81f6332d5b56aef531a,Crete,Greece,Europe,GUC,Egypt,Middle East and Africa,2020-03-23 12:39
f9454317ed0acbf477c5dc9ca38a778e,Nordeste,Argentina,Americas,TUNJA,Colombia,Americas,2020-04-13 05:29
9e8e6bca9fca1ada139d2f9f9c5a38f5,AACHEN,Germany,Europe,BUDAPEST UNIVERSITY,Hungary,Europe,2020-04-07 20:04
a66426890dbcb336a028ff711c5cf1f3,SANTA CRUZ,Bolivia,Americas,ABC,Brazil,Americas,2020-02-28 06:46
2194a8b19f21df2f3c5c9e05c872f846,BRAUNSCHWEIG,Germany,Europe,COLOMBO NORTH,Sri Lanka,Asia Pacific,2020-04-09 19:24
c58911dff98e1db703ae92e800e74219,BERLIN TU,Germany,Europe,UB,Indonesia,Asia Pacific,2020-04-17 19:41
571470d3eca19986763b2c47c1662552,MUENSTER,Germany,Europe,SALVADOR,Brazil,Americas,2020-04-07 06:02
1392625befaaf4b25beb8977199e5c83,Blida,Algeria,Middle East and Africa,WARSZAWA SGH,Poland,Europe,2020-04-03 14:52
0461f04131193828568de01493a75a37,M.A.H.E.,India,Asia Pacific,GUC,Egypt,Middle East and Africa,2020-03-25 11:31
ee8ff4feec0d4c2f218412de0a25bda5,BOCHUM,Germany,Europe,UdeA,Colombia,Americas,2020-04-15 16:55
6b42f81940360056778401d76f25f1b4,KRAGUJEVAC,Serbia,Europe,TORINO,Italy,Europe,2020-02-10 15:58
739e495e3fa8678fc2950b7018b4c5b9,Babez,Algeria,Middle East and Africa,Navi Mumbai,India,Asia Pacific,2020-05-27 22:57
93f568c291a8c17032f883d5990a3172,GENT,Belgium,Europe,Arequipa,Peru,Americas,2020-04-10 05:14
5821f919fff8423c323dd2c4a37f857d,MUENSTER,Germany,Europe,SALVADOR,Brazil,Americas,2020-04-07 03:25
4e30d16732b7d87062f68614d1a76bd1,Constantine,Algeria,Middle East and Africa,IZMIR,Turkey,Europe,2020-03-25 16:07
f1f4b8941fb60c00136579d91b78a200,DRESDEN,Germany,Europe,KANDY,Sri Lanka,Asia Pacific,2020-04-04 19:23
453560a9ce12a04a05590540dc8bea31,KOELN,Germany,Europe,UCR,Costa Rica,Americas,2020-03-17 17:11
655b7f7646b0c44cc00b1a617a42511b,KOELN,Germany,Europe,UCR,Costa Rica,Americas,2020-03-17 17:11
0c812a15e1e990b8d0da63e7d3e6d1fc,Bahrain Polytechnic,Bahrain,Middle East and Africa,ISTANBUL,Turkey,Europe,2020-02-03 04:50
5d43ae5af15127eaa2dbeddc2532fcea,BRAUNSCHWEIG,Germany,Europe,UCR,Costa Rica,Americas,2020-04-07 05:58
580021d0a7875a220dffae6399b27132,Cuenca,Ecuador,Americas,SALVADOR,Brazil,Americas,2020-07-22 02:27
8c9a284fed06b97f51e567ece2875b57,Casablanca,Morocco,Middle East and Africa,ISTANBUL ASIA,Turkey,Europe,2020-06-25 05:23
efa0a05a0ca230f0686865a042c229e7,Huancayo,Peru,Americas,Londrina,Brazil,Americas,2020-05-12 03:19
1cf4deb3f29ad0cd5844b9815522fd28,NAPOLI PARTHENOPE,Italy,Europe,Marrakech,Morocco,Middle East and Africa,2020-04-14 21:15
e0262886df2ec0d093ade4b6f429bf8c,ISTANBUL ASIA,Turkey,Europe,UoM THESSALONIKI,Greece,Europe,2020-04-10 05:11
6d804f1ae334e5c74bb985106646ed58,AMA,Bahrain,Middle East and Africa,DENIZLI,Turkey,Europe,2020-04-10 05:16
32f83e8c1b8b3df061458462cdf92378,BIELEFELD,Germany,Europe,UDSM,Tanzania,Middle East and Africa,2020-04-11 18:42
5ff21f4714bbe2021167ebebe69c0d4d,ROTTERDAM,The Netherlands,Europe,VOLTA REDONDA,Brazil,Americas,2020-03-29 03:56
ff2664ba9b47283c68e98ccc3c21312b,IVANO-FRANKIVSK,Ukraine,Europe,KOCAELI,Turkey,Europe,2020-03-20 20:20
6a18dfa8f53d9d563cd93b230e93cc4c,IT Sud Paris,France,Europe,Piraeus UNIPI (Athens),Greece,Europe,2020-03-25 19:22
1c5f22af19aa9ea46ff1bfd266f4b9f4,KOELN,Germany,Europe,VENEZIA,Italy,Europe,2020-03-19 16:00
20db14db57ee0b1e0a81309f181d3eee,BERLIN HU,Germany,Europe,UdeA,Colombia,Americas,2020-05-01 06:23
a27072ece8820173441fee4c75e24d27,GIESSEN-MARBURG,Germany,Europe,Jodhpur,India,Asia Pacific,2020-03-21 07:43
4b5309d368452e64973810fcb69cb6e8,ISTANBUL,Turkey,Europe,Ahmedabad,India,Asia Pacific,2020-09-28 19:56
6a952500ee8b4c033aa6a57e90db3feb,DELFT,The Netherlands,Europe,UdeA,Colombia,Americas,2020-04-22 06:18
e661659ebf6e0463e8f9f4dfd84a95ef,STUTTGART & HOHENHEIM,Germany,Europe,BALNEARIO CAMBORIU,Brazil,Americas,2020-04-09 03:40
43260d6fac4d89786988644e875512b1,BRAUNSCHWEIG,Germany,Europe,UdeA,Colombia,Americas,2020-04-09 03:50
fbbcc1a927d4df18ffa698959b3927b3,HADRUMET,Tunisia,Middle East and Africa,IZMIR,Turkey,Europe,2020-03-25 16:09
2a1bae840130086700c5a8661c315089,MAINZ - WIESBADEN,Germany,Europe,VITÓRIA,Brazil,Americas,2020-04-11 18:58
d87cbfdde2d76b97d2fee0496f9fa035,FRANKFURT (MAIN),Germany,Europe,SALVADOR,Brazil,Americas,2020-04-15 04:00
739f29a0badb7863e416d5648968ea05,SANTA MARIA,Brazil,Americas,UNINORTE,Colombia,Americas,2020-03-02 08:03
3601535581ec5477f351aa3c30ed7909,MUENSTER,Germany,Europe,KEIO UNIVERSITY,Japan,Asia Pacific,2020-04-17 19:43
56de423844a3cd144fc29210d5771d02,Karachi,Pakistan,Asia Pacific,IZMIR,Turkey,Europe,2020-03-26 03:00
b296e8df4580f0b3154d5601062ec593,ROMA TRE,Italy,Europe,Mansoura,Egypt,Middle East and Africa,2020-03-19 21:04
a7ea41d4a59e7634dbb3875b2ffb9beb,Lahore,Pakistan,Asia Pacific,KOCAELI,Turkey,Europe,2020-04-12 07:57
138fbe6deadc0f4cddcc8b3a587c4a66,CUIABA,Brazil,Americas,ECI,Colombia,Americas,2020-02-10 17:40
2f3c5b2a1fbd42c2a4f765ef14e201ad,PoliTO,Italy,Europe,WARSZAWA SGH,Poland,Europe,2020-04-02 18:02
cf747d6cc6b8f9f14904b98fcbc70744,UTRECHT,The Netherlands,Europe,Buenos Aires,Argentina,Americas,2020-04-09 05:22
ddc4904e2f26c1e3ae4b71f1d00c5659,BRAUNSCHWEIG,Germany,Europe,UCC (University of Cape Coast),Ghana,Middle East and Africa,2020-04-08 22:14
79c9afb67d769c3086d79e62d95a31c3,"Sunway (LC Sunway), Petaling Jaya",Malaysia,Asia Pacific,Taiwan NCTU,Taiwan,Asia Pacific,2020-04-01 23:55
78d5d28cc12ddb721d9b7d4066ecffd2,UTRECHT,The Netherlands,Europe,Ho Chi Minh City,VIETNAM,Asia Pacific,2020-03-27 01:34
b22885812b701b762a53f8438bdcdbf7,Karachi,Pakistan,Asia Pacific,ANTALYA,Turkey,Europe,2020-04-08 00:39
c7003d30b1ed1300a37fd87fd6c0fc47,Mumbai,India,Asia Pacific,ANTALYA,Turkey,Europe,2020-01-28 20:14
4dbf79efa2734980218afa3e86409afd,REGENSBURG,Germany,Europe,TRIESTE,Italy,Europe,2020-03-09 19:02
cfb93bde6ed1edcb8b99d086dca13120,SFAX,Tunisia,Middle East and Africa,NAPOLI PARTHENOPE,Italy,Europe,2020-03-09 05:44
b2bf678c15a04dadf36623e96c5c8bba,AMSTERDAM,The Netherlands,Europe,UdeA,Colombia,Americas,2020-03-27 20:29
4b5a55ace6ad98619f3c35f156de526f,Delhi University,India,Asia Pacific,ANKARA,Turkey,Europe,2020-03-22 22:53
99c2bee575f39e18c3674c3dd4dced78,PADERBORN,Germany,Europe,Aalborg,Denmark,Europe,2020-03-30 00:17
afa46926f332288752d5ee08930d6cb1,PASSAU,Germany,Europe,Ho Chi Minh City,VIETNAM,Asia Pacific,2020-04-02 04:37
4f13b1ee51a4dcec6a35287ef6c9b5cc,Lahore,Pakistan,Asia Pacific,KONYA,Turkey,Europe,2020-03-23 18:31
ce09485ddf67b5a6a375fc0be884463a,Podgorica,Montenegro,Europe,ISTANBUL,Turkey,Europe,2020-04-12 08:09
1b598a101162ccfd24a00c0e4b116ac1,Kolkata,India,Asia Pacific,VENEZIA,Italy,Europe,2020-03-08 07:50
c76344137557ca69bbd30825f16f0f91,IZMIR,Turkey,Europe,BOLOGNA,Italy,Europe,2020-03-17 00:44
d48348c79f4c7c27edd3975318d42fb9,UNIVERSITY,Tunisia,Middle East and Africa,Singidunum,Serbia,Europe,2020-03-19 15:32
1eeca7fd4384fc0643b19aea6b455d5d,AIESEC in Tirana,Albania,Europe,VENEZIA,Italy,Europe,2020-03-08 07:35
160988bfb59380af31035011d4a41ff2,GOETTINGEN,Germany,Europe,BRASÍLIA,Brazil,Americas,2020-03-30 04:03
38cb9e675c72865880816ee322f5c771,MUENSTER,Germany,Europe,SALVADOR,Brazil,Americas,2020-04-07 03:23
07bf6f2a0ddc3414f88762caed7a6e5d,Agadir,Morocco,Middle East and Africa,KOCAELI,Turkey,Europe,2020-07-22 04:53
d5eb9152b7e59ef8baf4ebe92e9f0a95,ARMENIA,Colombia,Americas,Mansoura,Egypt,Middle East and Africa,2020-03-23 03:38
4ce1191f60e94b8dbd88130680f719da,ANKARA,Turkey,Europe,Helsinki,Finland,Europe,2020-03-24 20:07
e43ffab0830ef69e4eded57dffbae660,TBILISI,Georgia,Europe,VENEZIA,Italy,Europe,2020-03-20 18:08
0eef4faf78f811bb450c94e6f831403e,GOETTINGEN,Germany,Europe,LINZ,Austria,Europe,2020-03-20 16:26
824d723911563cf2d8a14cb5f6092148,UNIVERSITY,Tunisia,Middle East and Africa,ISTANBUL ASIA,Turkey,Europe,2020-03-20 21:02
0ae180b8179ad0a2ea546268617870eb,NIJMEGEN,The Netherlands,Europe,JKUAT,Kenya,Middle East and Africa,2020-09-11 12:34
90c09c62c9372c2f216c9eef9734f3cb,PADERBORN,Germany,Europe,ECI,Colombia,Americas,2020-03-31 06:27
6b4336b318c8db08e23f81b2e4fe73b7,VITÓRIA,Brazil,Americas,Universidad Catolica - Peru,Peru,Americas,2020-04-12 18:49
80136126a618f7abb392416f3d152438,LUENEBURG,Germany,Europe,The University of Georgia,Georgia,Europe,2020-04-05 06:46
2e676a414d2943993aca6c100f362c8d,EASTERN MEDITERRANEAN,Turkey,Europe,Podgorica,Montenegro,Europe,2020-03-21 08:06
0b5bc5d6d47afc926a27a40a5c6660fa,ANKARA,Turkey,Europe,BELGRADE FON,Serbia,Europe,2020-04-01 16:32
5272a8c521c3463cedb1487a82f7f26f,DRESDEN,Germany,Europe,ECI,Colombia,Americas,2020-04-04 05:42
00d843d1fb29389654c0f472384edadf,KARLSRUHE,Germany,Europe,Icesi (Cali),Colombia,Americas,2020-03-22 01:07
6d6b03f45ef393acce4da1cb7de299f9,Sevilla,Spain,Europe,FTU HCMC,VIETNAM,Asia Pacific,2020-04-14 03:44
e69372d9ea94cea5aa0774bc122211f6,BERLIN HU,Germany,Europe,DAYSTAR,Kenya,Middle East and Africa,2020-05-15 23:57
6384a910d7ab7f1b8c452b2f36801e90,TORINO,Italy,Europe,AAST In CAIRO,Egypt,Middle East and Africa,2020-02-25 21:43
5bdb1698a75181dce7fa70439493d8b3,PADERBORN,Germany,Europe,UdeA,Colombia,Americas,2020-03-30 22:52
a2118ffe6a2ac2e2254904987c29c5cd,PADERBORN,Germany,Europe,FTU HCMC,VIETNAM,Asia Pacific,2020-03-31 06:22
d4697789990c78c76814af09ac22ee09,Surat,India,Asia Pacific,KANDY,Sri Lanka,Asia Pacific,2020-04-04 13:03
7d4afb4db89c95f4bc470ccbbb59c66a,KOELN,Germany,Europe,Manabi,Ecuador,Americas,2020-03-26 06:18
43e9b32dadae1bd1c64b6e50851b035f,TORINO,Italy,Europe,Córdoba,Argentina,Americas,2020-04-09 05:10
92c58d44b6ef4b5b5e6d04493446f78d,MUENCHEN,Germany,Europe,Sofia University,Bulgaria,Europe,2020-04-06 18:34
48c489a5c59970e99d9c99726017d3eb,BOLOGNA,Italy,Europe,ANTALYA,Turkey,Europe,2020-04-03 14:44
2d920da0379668a6df651fae4b31b8ef,UNINORTE,Colombia,Americas,CURITIBA,Brazil,Americas,2020-02-06 23:05
9a7b51854ba8e9db29874e2fbc3a9037,SEATTLE,United States,Americas,Milano,Italy,Europe,2020-03-21 08:01
c96a3e26a6d3782577bb2ac75a777ffa,GOETTINGEN,Germany,Europe,FTU HCMC,VIETNAM,Asia Pacific,2020-03-29 03:09
efc57866475245fc86ea32858f1724ad,GENOVA,Italy,Europe,Reykjavik,Iceland,Europe,2020-04-02 18:04
c2784797827db61d59d491d18feebc08,Milano,Italy,Europe,Casablanca,Morocco,Middle East and Africa,2020-05-05 06:22
bd6b6d3799adea99fa0df6e62a21bd57,PADERBORN,Germany,Europe,SALVADOR,Brazil,Americas,2020-04-02 04:40
b734dbc5e13bbbab16ec62bc9ffbd079,PADERBORN,Germany,Europe,SALVADOR,Brazil,Americas,2020-04-02 04:40
e84ef69168381364c69c08711af63769,BOLOGNA,Italy,Europe,FTU Hanoi,VIETNAM,Asia Pacific,2020-05-15 21:49
ef5bc01bc07c7778a4b2e71a2af834d9,LISBOA NOVA,Portugal,Europe,KOCAELI,Turkey,Europe,2020-03-20 17:46
3bb5ed448d01d3e8661c10c693260e7b,BIELEFELD,Germany,Europe,VITÓRIA,Brazil,Americas,2020-03-30 20:40
e0b4051f62700a5f4af710e0adf0f6e7,BOCHUM,Germany,Europe,TORINO,Italy,Europe,2020-04-07 03:28
3f42426e9c30d05ca66dfb41c6b2a8f4,Islamabad,Pakistan,Asia Pacific,BURSA,Turkey,Europe,2020-03-28 17:15
e686c3e68d458632a8d1bae7c1739ee5,PolyU,Hong Kong,Asia Pacific,MIU,Egypt,Middle East and Africa,2020-04-09 21:05
4647cf063e1013ffaf6b962037067ee5,LILLE,France,Europe,BRASÍLIA,Brazil,Americas,2020-03-27 13:39
26467b6f1f33b9fd0383d879aacf8e28,UoN,Kenya,Middle East and Africa,Zagazig,Egypt,Middle East and Africa,2020-03-22 02:42
c41864c1157acd1500e5e56fa82d42f2,Benak,Algeria,Middle East and Africa,TRABZON,Turkey,Europe,2020-04-21 18:13
c23878842b05e03686c27a1b01102f8e,LVIV,Ukraine,Europe,BOLOGNA,Italy,Europe,2020-03-20 19:53
5473ba0fc0d352f43160a75c5cb0eedf,VENEZIA,Italy,Europe,BONN,Germany,Europe,2020-05-26 19:49
024161fd97ffc8cce943b98c031fa212,BELO HORIZONTE,Brazil,Americas,Tucumán,Argentina,Americas,2020-04-07 06:07
50f8f92343586210070797ba7e3a384f,BELO HORIZONTE,Brazil,Americas,Santa Marta,Colombia,Americas,2020-03-29 04:08
668b042d9d3065f55d922fa2a0b983e1,PUCE,Ecuador,Americas,WARSZAWA SGH,Poland,Europe,2020-04-02 18:03
2a6f00e266257ee3c8591f3fff353277,GOIANIA,Brazil,Americas,ITAM,Mexico,Americas,2020-03-02 08:01
f1841e44d14ef83792b0235d59eb6350,YEREVAN,Armenia,Europe,BURSA,Turkey,Europe,2020-03-27 15:54
9f25c38e2416b94f287fdf126417ad14,YEREVAN,Armenia,Europe,BURSA,Turkey,Europe,2020-03-29 04:16
cac99fe0081f0bc92040d5ebfae43f80,HADRUMET,Tunisia,Middle East and Africa,BURSA,Turkey,Europe,2020-04-23 02:50
c010957a1341530e986a5e71345bc0f4,Madrid,Spain,Europe,LIMEIRA,Brazil,Americas,2020-03-22 22:56
afe041f74fe20cdc5d9722608b54ff56,PUCE,Ecuador,Americas,WARSZAWA SGH,Poland,Europe,2020-04-02 18:00
0d600f06e601030a0401664aaec58975,BERLIN HU,Germany,Europe,UdeA,Colombia,Americas,2020-04-04 04:38
c81b3c516ff45d45a103c6cd5cd518af,ANKARA,Turkey,Europe,UPB,Colombia,Americas,2020-08-08 08:26
02fb8c485e6051e43d7d25120bc8870c,"SPUEF, Saint-Petersburg",Russia,Europe,PAVIA,Italy,Europe,2020-04-09 19:31
8a028daae6a9ca727cb7f2877b8611a1,"SPUEF, Saint-Petersburg",Russia,Europe,PAVIA,Italy,Europe,2020-04-09 05:37
2525add37f9cfbc69c637a2bcd4b7021,Lyon,France,Europe,ISTANBUL WEST,Turkey,Europe,2020-04-10 18:22
a82b954911e7fc33ac0baf7b970084f9,WARSZAWA SGH,Poland,Europe,UNINORTE,Colombia,Americas,2020-03-27 04:48
09c99133d2deadf48c7b7c3401280bf2,Ambato,Ecuador,Americas,LIMEIRA,Brazil,Americas,2020-04-03 21:27
a4284443f2fc397b79786a5119d08587,University of Bucharest,Romania,Europe,ISTANBUL WEST,Turkey,Europe,2020-04-09 05:28
4ef4168a11c58738ee02182ab8829fe2,UTRECHT,The Netherlands,Europe,Buenos Aires,Argentina,Americas,2020-04-09 05:21
23893ffb63d0c7bc41400e2e644b401a,Hyderabad,India,Asia Pacific,GUC,Egypt,Middle East and Africa,2020-03-24 07:12
3d04d1835333afc03424d99903bf894d,Hyderabad,India,Asia Pacific,GUC,Egypt,Middle East and Africa,2020-03-24 07:11
3e667aee011c71aaaf2f42e323b04e93,KNEU,Ukraine,Europe,NAPOLI PARTHENOPE,Italy,Europe,2020-03-20 20:18
1498907206870e91e1ec0d3df63f7306,TEC,Costa Rica,Americas,BUCARAMANGA,Colombia,Americas,2020-04-01 04:41
c4b37a649a554a3dd67c0861aa662e2b,FLORIANÓPOLIS,Brazil,Americas,VENEZIA,Italy,Europe,2020-03-09 05:37
b519c9c8cbc54dff86a942bda6877969,ISTANBUL ASIA,Turkey,Europe,Helsinki,Finland,Europe,2020-03-24 20:10
6b40021f9ca9b8fc4b3a40e48040ce8d,Blida,Algeria,Middle East and Africa,KOCAELI,Turkey,Europe,2020-03-20 21:00
630c64acebb6d46f12dbce632b22d1fb,IASI,Romania,Europe,Cairo University,Egypt,Middle East and Africa,2020-04-21 16:17
f01fe2c2cd28d45e70a06c62093f689d,Madrid,Spain,Europe,LIMEIRA,Brazil,Americas,2020-03-25 11:34
0ab7527909cd8636db47cfa34ced9464,Hyderabad,India,Asia Pacific,GUC,Egypt,Middle East and Africa,2020-03-24 07:11
66c2a169a01cec6ecf79cac3108fa46a,UNIVERSITY,Tunisia,Middle East and Africa,SAKARYA,Turkey,Europe,2020-04-23 02:49
13260ca7095406e67bedd0c9c42c43e9,Lahore,Pakistan,Asia Pacific,BURSA,Turkey,Europe,2020-04-15 03:19
a4e51ed22366360f6e602f7676a23118,Rennes,France,Europe,UoM THESSALONIKI,Greece,Europe,2020-03-30 18:29
333a8fcb42807ce2bcf0277dbd91468c,BOCHUM,Germany,Europe,VITÓRIA,Brazil,Americas,2020-04-13 19:29
9d19226061d8a4904b2136198b13b000,The University of Georgia,Georgia,Europe,BME - Budapest,Hungary,Europe,2020-03-19 06:01
4de7c671adad88876cb0821dfc2cc5d2,Hyderabad,India,Asia Pacific,GUC,Egypt,Middle East and Africa,2020-03-24 07:10
2bbc8a8907d5dab13901d3d75c9f4d28,MEDINA,Tunisia,Middle East and Africa,BURSA,Turkey,Europe,2020-03-30 00:36
9ec4792fcb8ccefd4585ec870b9039f9,KOELN,Germany,Europe,VENEZIA,Italy,Europe,2020-03-09 18:55
02abce72646f7f5a639ca073306b8408,BOCHUM,Germany,Europe,Buenos Aires UBA FCE,Argentina,Americas,2020-05-25 08:12
e2769a76f8e3872cb397eca08d1abd4b,The University of Georgia,Georgia,Europe,BOLOGNA,Italy,Europe,2020-05-25 08:02
0e0262e26367048f38b5dcd03ff21546,BRASÍLIA,Brazil,Americas,GUC,Egypt,Middle East and Africa,2020-04-17 13:01
7a153bff3c312d64bda7a55206f9136a,Ouargla,Algeria,Middle East and Africa,KONYA,Turkey,Europe,2020-04-12 19:56
0d70a161370ea433ef7b8ce65d4612da,Sucre,Bolivia,Americas,Icesi (Cali),Colombia,Americas,2020-03-31 03:56
e8f0bff5ef99c5972d81ef9688419e71,"Sunway (LC Sunway), Petaling Jaya",Malaysia,Asia Pacific,COLOMBO CENTRAL,Sri Lanka,Asia Pacific,2020-05-08 16:53
d61e424353ff357e25e713960323ef6a,FRANKFURT (MAIN),Germany,Europe,FTU Hanoi,VIETNAM,Asia Pacific,2020-04-13 18:52
fd65375d99a08aab2c9f72abe6346af7,HANNOVER,Germany,Europe,UPNVY,Indonesia,Asia Pacific,2020-04-02 04:41
f3d12e4301e3b650953fa7b5e516c6bd,ISTANBUL,Turkey,Europe,Ahmedabad,India,Asia Pacific,2020-09-28 19:59
0be7338bff5518b5beea8378081310cd,Hyderabad,India,Asia Pacific,GUC,Egypt,Middle East and Africa,2020-04-04 12:49
fcd68c8372045d944f375c3e5fd2c8fd,Hyderabad,India,Asia Pacific,GUC,Egypt,Middle East and Africa,2020-03-27 14:13
7fe248c4c314f22a76e9332de419934d,Hyderabad,India,Asia Pacific,GUC,Egypt,Middle East and Africa,2020-03-24 07:10
c0aefdd62d8dd50c1e660dea7537a8b4,Hyderabad,India,Asia Pacific,Damietta,Egypt,Middle East and Africa,2020-03-20 03:46
a054727b4d74ec62047ca8dada27ab96,Hyderabad,India,Asia Pacific,Damietta,Egypt,Middle East and Africa,2020-03-20 03:46
aed9c4134186b9f852352052829e62f4,Hyderabad,India,Asia Pacific,Damietta,Egypt,Middle East and Africa,2020-03-20 03:45
b799cf1c5f7d145ada0cce85b1da121b,Hyderabad,India,Asia Pacific,Damietta,Egypt,Middle East and Africa,2020-03-20 03:44
65d125ebc63824bde835fc1b4858710d,Hyderabad,India,Asia Pacific,Tanta,Egypt,Middle East and Africa,2020-03-20 12:36
01b021b54a1f58ed9ed12db2a1a2eed3,Hyderabad,India,Asia Pacific,Tanta,Egypt,Middle East and Africa,2020-03-20 12:35
fcdda60e00a578153724ea0d39b9ea7c,Hyderabad,India,Asia Pacific,Tanta,Egypt,Middle East and Africa,2020-03-20 12:37
3f32bec512b5d0022ab64e9f5d739200,Hyderabad,India,Asia Pacific,Tanta,Egypt,Middle East and Africa,2020-03-20 12:34
07a09c09b8fc598556c995905d7e1bdf,Hyderabad,India,Asia Pacific,Tanta,Egypt,Middle East and Africa,2020-03-20 12:32
56b225e85c2ca900528b7106ca76bfe1,Hyderabad,India,Asia Pacific,Tanta,Egypt,Middle East and Africa,2020-03-20 12:33
cf6660e483f4e507d2261eceda2a12a8,Hyderabad,India,Asia Pacific,Tanta,Egypt,Middle East and Africa,2020-03-20 12:36
c3ad0b4df0ea167cf63c7ee0addd9c01,Hyderabad,India,Asia Pacific,Damietta,Egypt,Middle East and Africa,2020-03-20 03:44
87be03daeb96bc131b0d3ca1797bb83a,Hyderabad,India,Asia Pacific,Damietta,Egypt,Middle East and Africa,2020-03-20 03:43
ef652ccf1fdf25070f60bbac527ee90b,Hyderabad,India,Asia Pacific,Damietta,Egypt,Middle East and Africa,2020-03-20 03:42
0a328b42e3f2fd445a6788de67532dd9,Hyderabad,India,Asia Pacific,Damietta,Egypt,Middle East and Africa,2020-03-20 03:41
87e43ffac9a314ee957aeba7aae28350,CHERNIVTSI,Ukraine,Europe,BOLOGNA,Italy,Europe,2020-03-06 17:38
d0f028300dffadd48b7d3df5182ecbed,Milano,Italy,Europe,VITÓRIA,Brazil,Americas,2020-04-16 14:50
b35a00db67534edde5c6962908176eb6,COLOMBO NORTH,Sri Lanka,Asia Pacific,Budapest Business School - Külker,Hungary,Europe,2020-04-15 17:38
eea69ff82d6a0dbbc08b242d24c86d98,PADERBORN,Germany,Europe,ROMA SAPIENZA,Italy,Europe,2020-03-30 18:27
f8ba0176e5504a5d2ebe9ca0cb4ff85c,BRASÍLIA,Brazil,Americas,ISTANBUL,Turkey,Europe,2020-03-04 05:15
db5294856a32f50f77a3490e0ccffdcd,HADRUMET,Tunisia,Middle East and Africa,ANTALYA,Turkey,Europe,2020-04-05 00:45
afdb56cea928ad9a05a41e6d428db318,BOLOGNA,Italy,Europe,SALVADOR,Brazil,Americas,2020-04-05 00:07
20ca97371e2d9ebe0156df461949e779,Penang,Malaysia,Asia Pacific,UNSRI,Indonesia,Asia Pacific,2020-04-19 20:20
d8a9052a1f74d2f6d0883bde6c6084ff,Annaba,Algeria,Middle East and Africa,RUSPINA,Tunisia,Middle East and Africa,2020-03-20 03:40
d220c5ae08cdae7edcafdd04b16b0bb7,KOELN,Germany,Europe,SALVADOR,Brazil,Americas,2020-04-09 05:12
4d5385f1357e5c2336dcafa34dbb33ba,TBILISI,Georgia,Europe,Budapest Business School - Külker,Hungary,Europe,2020-03-18 20:20
63002a51c20a52eee7ad664a68bd0c9d,Tabasco,Mexico,Americas,SOROCABA,Brazil,Americas,2020-04-07 23:10
62147a2abde5b146cee632b2da4f3fd8,LC Batumi,Georgia,Europe,Palermo,Italy,Europe,2020-05-16 19:30
867ed23602b399379cf19d77ea777ab1,AUGSBURG,Germany,Europe,Casablanca,Morocco,Middle East and Africa,2020-04-13 19:18
01ebdb44f809c34c31ea67377cbe1717,Singidunum,Serbia,Europe,RUSPINA,Tunisia,Middle East and Africa,2020-03-29 14:28
7edf7fe7c68e8e0d3a05a9f36ea18b9d,TRIESTE,Italy,Europe,SALVADOR,Brazil,Americas,2020-04-25 06:57
d1b7a86b8f822c3b6318396e11edc3ba,MC TUNISIA 2 (Virtual Expansion),Tunisia,Middle East and Africa,KONYA,Turkey,Europe,2020-03-29 04:06
55e6ad0938e9e20b94f94db84ebcf73b,Bengaluru,India,Asia Pacific,Mansoura,Egypt,Middle East and Africa,2020-03-22 02:45
89b440ded3715846c0780b868f68b2b7,Beirut,Lebanon,Middle East and Africa,TRABZON,Turkey,Europe,2020-04-06 18:43
5688207daa07c7661cb65680fde4a832,Querétaro,Mexico,Americas,MACKENZIE,Brazil,Americas,2020-04-17 05:02
9e8d98f4f07de8374ed8c145a2f03f11,KOCAELI,Turkey,Europe,Icesi (Cali),Colombia,Americas,2020-04-13 05:29
32d76739475c66d5de3397fa97289ed3,BARDO,Tunisia,Middle East and Africa,ISTANBUL ASIA,Turkey,Europe,2020-03-23 18:34
b20b221d8ef7e272994b6577f6c7320e,GENT,Belgium,Europe,TRABZON,Turkey,Europe,2020-04-04 00:29
70397ac52cb36b506b2a693b8de73a28,ANTALYA,Turkey,Europe,Tanta,Egypt,Middle East and Africa,2020-03-21 00:45
d6022871313056aa23d2290640857914,EAFIT,Colombia,Americas,TORINO,Italy,Europe,2020-05-01 02:19
c7222da32971f944b9a78b364a42f1c6,MUENCHEN,Germany,Europe,Palermo,Italy,Europe,2020-04-03 05:54
23b95cda9cd7d413250ac2d0ee2e4021,BRNO,Czech Republic,Europe,VITÓRIA,Brazil,Americas,2020-04-22 05:29
5aeb321d7fc2d898e2e974a5ef9d7fcf,Icesi (Cali),Colombia,Americas,JOAO PESSOA,Brazil,Americas,2020-03-30 23:58
ab7bd64a3086de6975a82acbda07ea0d,IZMIR,Turkey,Europe,TORINO,Italy,Europe,2020-03-30 00:02
dea9dfc2b19727bf62c5a5517bc41252,BUCURESTI,Romania,Europe,UTP,Panama,Americas,2020-08-14 01:20
3d9c810ce86d5164aac585f1bb006bf5,RIO DE JANEIRO,Brazil,Americas,Tec Santa Fe,Mexico,Americas,2020-08-03 07:51
